Academic_Year,State_Code,State_Name,District_Code,District_Name,Block_Code,Udise_Block_Name,School_Category_Id,School_Category_Name,School_Management_Id,School_Management_Name,Location,School_Type_Id,School_Type,Total_Number_of_Schools,Building,Complete_Medical_Checkup,Computer_Available,Functional_Drinking_Water,Drinking_Water,Functional_Electricity,Functional_Boy_Toilet,Functional_Girl_Toilet,Functional_Toilet_Facility,Functional_Toilet_and_Urinal,Functional_Urinal,Functional_Urinal_Boy,Functional_Urinal_Girl,Handwash,Separate_Room_for_Headmaster,Incinerator,Internet,Kitchen_Garden,Land_Available,Librarian,Library_or_Reading_Corner_or_Book_Bank,Medical_Checkup,Newspaper,Playground,Rain_Water_Harvesting,Ramps,Solar_Panel,Furniture,Water_Purifier,Water_Tested
2015-16,19,West Bengal,1909,BARDDHAMAN,190901,ANDAL,5,HSS (VI-XII),1,Department of Education,Rural,1,Boys,2,2,0,2,2,2,2,2,2,2,0,0,0,0,1,0,0,2,1,1,1,2,2,1,1,1,2,0,1,0,0
2015-16,19,West Bengal,1909,BARDDHAMAN,190901,ANDAL,5,HSS (VI-XII),1,Department of Education,Rural,2,Girls,2,2,0,2,2,2,2,0,2,2,0,0,0,0,2,1,0,1,1,1,1,2,2,2,2,1,2,0,0,0,0
2015-16,19,West Bengal,1909,BARDDHAMAN,190901,ANDAL,5,HSS (VI-XII),1,Department of Education,Rural,3,Co-Ed,5,5,0,5,4,5,5,5,5,5,0,0,0,0,3,3,0,1,3,4,0,5,4,2,3,3,5,0,1,0,0
2015-16,19,West Bengal,1909,BARDDHAMAN,190901,ANDAL,1,PS (I-V),1,Department of Education,Rural,3,Co-Ed,92,90,0,1,73,92,70,92,92,92,0,0,0,0,49,19,0,0,66,65,0,92,58,14,29,0,56,0,47,0,0
2015-16,19,West Bengal,1909,BARDDHAMAN,190901,ANDAL,1,PS (I-V),5,Private Unaided (Recognized),Rural,3,Co-Ed,4,4,0,1,4,4,3,3,3,3,0,0,0,0,1,0,0,0,0,4,0,1,0,0,2,0,1,0,1,0,0
2015-16,19,West Bengal,1909,BARDDHAMAN,190901,ANDAL,1,PS (I-V),8,Unrecognized,Rural,3,Co-Ed,2,2,0,2,2,2,2,2,2,2,0,0,0,0,2,2,0,1,0,2,0,1,0,2,2,0,1,0,2,0,0
2015-16,19,West Bengal,1909,BARDDHAMAN,190901,ANDAL,6,SS (I-X),7,Central Govt,Rural,3,Co-Ed,1,1,0,1,1,1,1,1,1,1,0,0,0,0,1,1,0,0,0,1,1,1,1,1,1,0,1,0,1,0,0
2015-16,19,West Bengal,1909,BARDDHAMAN,190901,ANDAL,7,SS (VI-X),1,Department of Education,Rural,3,Co-Ed,7,7,0,2,6,7,6,7,7,7,0,0,0,0,2,4,0,2,2,5,0,7,5,2,4,4,7,0,1,0,0
2015-16,19,West Bengal,1909,BARDDHAMAN,190901,ANDAL,2,UPS (I-VIII),5,Private Unaided (Recognized),Rural,3,Co-Ed,1,1,0,1,1,1,1,1,1,1,0,0,0,0,0,1,0,0,0,1,0,1,0,0,0,0,0,0,1,0,0
2015-16,19,West Bengal,1909,BARDDHAMAN,190901,ANDAL,4,UPS (VI-VIII),1,Department of Education,Rural,3,Co-Ed,9,8,0,0,4,9,6,9,9,9,0,0,0,0,2,6,0,0,7,9,0,9,8,0,6,0,7,0,3,0,0
2015-16,19,West Bengal,1909,BARDDHAMAN,190901,ANDAL,4,UPS (VI-VIII),5,Private Unaided (Recognized),Rural,3,Co-Ed,1,1,0,1,1,1,1,1,1,1,0,0,0,0,1,1,0,0,0,1,0,1,1,1,1,0,0,0,1,0,0
2015-16,19,West Bengal,1909,BARDDHAMAN,190902,AUSGRAM-I,5,HSS (VI-XII),5,Private Unaided (Recognized),Rural,1,Boys,1,1,0,1,1,1,1,1,0,1,0,0,0,0,1,1,0,1,0,1,0,1,1,1,1,0,1,0,1,0,0
2015-16,19,West Bengal,1909,BARDDHAMAN,190902,AUSGRAM-I,5,HSS (VI-XII),1,Department of Education,Rural,3,Co-Ed,4,4,0,4,4,4,4,4,4,4,0,0,0,0,4,2,0,3,4,3,2,4,4,4,3,0,4,0,1,0,0
2015-16,19,West Bengal,1909,BARDDHAMAN,190902,AUSGRAM-I,1,PS (I-V),1,Department of Education,Rural,3,Co-Ed,129,128,0,4,122,129,94,129,129,129,0,0,0,0,77,23,0,0,90,115,1,129,124,55,45,0,99,0,83,0,0
2015-16,19,West Bengal,1909,BARDDHAMAN,190902,AUSGRAM-I,1,PS (I-V),5,Private Unaided (Recognized),Rural,3,Co-Ed,3,3,0,1,3,3,3,2,2,3,0,0,0,0,1,1,0,0,0,1,0,2,2,0,1,0,3,0,1,0,0
2015-16,19,West Bengal,1909,BARDDHAMAN,190902,AUSGRAM-I,1,PS (I-V),8,Unrecognized,Rural,3,Co-Ed,7,7,0,0,7,7,4,6,6,6,0,0,0,0,4,1,0,0,0,3,0,5,3,0,4,0,6,0,2,0,0
2015-16,19,West Bengal,1909,BARDDHAMAN,190902,AUSGRAM-I,6,SS (I-X),98,Madarsa unrecognized,Rural,3,Co-Ed,1,1,0,0,1,1,1,1,1,1,0,0,0,0,1,0,0,0,0,1,0,1,0,0,0,0,0,0,0,0,0
2015-16,19,West Bengal,1909,BARDDHAMAN,190902,AUSGRAM-I,7,SS (VI-X),1,Department of Education,Rural,2,Girls,1,1,0,0,1,1,1,0,1,1,0,0,0,0,1,1,0,0,1,1,0,1,1,1,1,1,1,0,1,0,0
2015-16,19,West Bengal,1909,BARDDHAMAN,190902,AUSGRAM-I,7,SS (VI-X),1,Department of Education,Rural,3,Co-Ed,11,11,0,6,11,11,11,11,11,11,0,0,0,0,6,10,0,6,11,11,0,11,10,6,7,3,11,0,3,0,0
2015-16,19,West Bengal,1909,BARDDHAMAN,190902,AUSGRAM-I,4,UPS (VI-VIII),1,Department of Education,Rural,3,Co-Ed,14,4,0,3,12,14,5,14,14,14,0,0,0,0,4,1,0,0,3,12,0,14,10,3,9,0,9,0,1,0,0
2015-16,19,West Bengal,1909,BARDDHAMAN,190903,AUSGRAM-II,5,HSS (VI-XII),1,Department of Education,Rural,1,Boys,1,1,0,1,1,1,1,1,1,1,0,0,0,0,0,1,0,1,1,1,0,1,1,0,1,0,1,0,1,0,0
2015-16,19,West Bengal,1909,BARDDHAMAN,190903,AUSGRAM-II,5,HSS (VI-XII),1,Department of Education,Rural,3,Co-Ed,6,6,0,6,5,6,6,6,6,6,0,0,0,0,1,6,0,4,4,6,2,6,6,5,5,1,6,0,2,0,0
2015-16,19,West Bengal,1909,BARDDHAMAN,190903,AUSGRAM-II,1,PS (I-V),1,Department of Education,Rural,3,Co-Ed,170,170,0,5,155,170,97,170,170,170,0,0,0,0,115,18,0,0,156,144,0,170,134,57,88,0,135,0,109,0,0
2015-16,19,West Bengal,1909,BARDDHAMAN,190903,AUSGRAM-II,1,PS (I-V),5,Private Unaided (Recognized),Rural,3,Co-Ed,2,2,0,0,2,2,1,0,1,1,0,0,0,0,0,0,0,0,0,1,0,0,2,0,1,0,2,0,0,0,0
2015-16,19,West Bengal,1909,BARDDHAMAN,190903,AUSGRAM-II,7,SS (VI-X),1,Department of Education,Rural,2,Girls,1,1,0,0,1,1,1,0,1,1,0,0,0,0,0,1,0,0,0,1,0,1,1,0,1,0,1,0,1,0,0
2015-16,19,West Bengal,1909,BARDDHAMAN,190903,AUSGRAM-II,7,SS (VI-X),1,Department of Education,Rural,3,Co-Ed,12,12,0,10,11,12,11,12,12,12,0,0,0,0,6,12,0,5,8,12,0,12,11,4,8,1,12,0,3,0,0
2015-16,19,West Bengal,1909,BARDDHAMAN,190903,AUSGRAM-II,7,SS (VI-X),97,Madarsa recognized (by Wakf board/Madarsa Board) ,Rural,3,Co-Ed,1,1,0,1,0,1,1,1,1,1,0,0,0,0,0,1,0,1,1,1,0,1,1,0,1,0,1,0,0,0,0
2015-16,19,West Bengal,1909,BARDDHAMAN,190903,AUSGRAM-II,4,UPS (VI-VIII),1,Department of Education,Rural,3,Co-Ed,16,15,0,7,12,16,9,16,16,16,0,0,0,0,10,4,0,0,6,16,0,16,11,3,13,0,6,0,6,0,0
2015-16,19,West Bengal,1909,BARDDHAMAN,190904,BARABANI,5,HSS (VI-XII),1,Department of Education,Rural,1,Boys,2,2,0,2,2,2,2,2,0,2,0,0,0,0,0,2,0,0,2,2,0,2,2,1,2,0,2,0,0,0,0
2015-16,19,West Bengal,1909,BARDDHAMAN,190904,BARABANI,5,HSS (VI-XII),1,Department of Education,Rural,2,Girls,2,2,0,1,2,2,2,0,2,2,0,0,0,0,0,1,0,0,2,2,0,2,1,1,2,0,2,0,2,0,0
2015-16,19,West Bengal,1909,BARDDHAMAN,190904,BARABANI,5,HSS (VI-XII),1,Department of Education,Rural,3,Co-Ed,1,1,0,1,1,1,1,1,1,1,0,0,0,0,0,1,0,0,1,1,1,1,1,0,1,0,1,0,1,0,0
2015-16,19,West Bengal,1909,BARDDHAMAN,190904,BARABANI,1,PS (I-V),1,Department of Education,Rural,3,Co-Ed,125,125,0,2,111,125,55,125,125,125,0,0,0,0,35,36,0,0,108,96,0,125,97,17,76,0,88,0,80,0,0
2015-16,19,West Bengal,1909,BARDDHAMAN,190904,BARABANI,1,PS (I-V),5,Private Unaided (Recognized),Rural,3,Co-Ed,1,1,0,0,1,1,0,1,1,1,0,0,0,0,0,0,0,0,0,0,0,0,0,0,0,0,0,0,1,0,0
2015-16,19,West Bengal,1909,BARDDHAMAN,190904,BARABANI,1,PS (I-V),8,Unrecognized,Rural,3,Co-Ed,2,2,0,0,2,2,1,1,1,1,0,0,0,0,0,0,0,0,0,0,0,0,1,0,0,0,0,0,0,0,0
2015-16,19,West Bengal,1909,BARDDHAMAN,190904,BARABANI,7,SS (VI-X),1,Department of Education,Rural,3,Co-Ed,4,4,0,3,3,4,4,4,4,4,0,0,0,0,1,1,0,1,3,4,0,4,3,3,3,0,4,0,1,0,0
2015-16,19,West Bengal,1909,BARDDHAMAN,190904,BARABANI,4,UPS (VI-VIII),1,Department of Education,Rural,3,Co-Ed,10,9,0,3,8,10,5,10,10,10,0,0,0,0,4,7,0,0,10,10,0,10,8,0,5,1,10,0,5,0,0
2015-16,19,West Bengal,1909,BARDDHAMAN,190905,BHATAR,5,HSS (VI-XII),1,Department of Education,Rural,1,Boys,1,1,0,0,1,1,1,1,1,1,0,0,0,0,1,1,0,0,1,1,0,1,1,1,1,0,1,0,0,0,0
2015-16,19,West Bengal,1909,BARDDHAMAN,190905,BHATAR,5,HSS (VI-XII),1,Department of Education,Rural,2,Girls,1,1,0,1,1,1,1,0,1,1,0,0,0,0,0,1,0,1,0,1,0,1,1,0,0,1,1,0,0,0,0
2015-16,19,West Bengal,1909,BARDDHAMAN,190905,BHATAR,5,HSS (VI-XII),1,Department of Education,Rural,3,Co-Ed,11,11,0,10,11,11,10,11,11,11,0,0,0,0,4,10,0,5,10,11,2,11,6,6,9,6,11,0,6,0,0
2015-16,19,West Bengal,1909,BARDDHAMAN,190905,BHATAR,5,HSS (VI-XII),97,Madarsa recognized (by Wakf board/Madarsa Board) ,Rural,3,Co-Ed,1,1,0,1,1,1,1,1,1,1,0,0,0,0,1,1,0,1,1,1,1,1,1,1,0,1,1,0,0,0,0
2015-16,19,West Bengal,1909,BARDDHAMAN,190905,BHATAR,1,PS (I-V),1,Department of Education,Rural,1,Boys,2,2,0,0,2,2,2,2,1,2,0,0,0,0,0,0,0,0,2,1,0,2,1,1,0,0,2,0,2,0,0
2015-16,19,West Bengal,1909,BARDDHAMAN,190905,BHATAR,1,PS (I-V),1,Department of Education,Rural,2,Girls,2,2,0,0,2,2,2,0,2,2,0,0,0,0,0,0,0,0,2,0,0,2,1,1,0,0,2,0,2,0,0
2015-16,19,West Bengal,1909,BARDDHAMAN,190905,BHATAR,1,PS (I-V),1,Department of Education,Rural,3,Co-Ed,225,225,0,5,205,225,137,225,225,225,0,0,0,0,100,43,0,0,178,193,0,225,116,52,99,0,166,0,156,0,0
2015-16,19,West Bengal,1909,BARDDHAMAN,190905,BHATAR,1,PS (I-V),4,Government Aided,Rural,3,Co-Ed,1,1,0,1,1,1,1,0,0,0,0,0,0,0,1,0,0,0,0,1,0,1,0,0,1,0,0,0,1,0,0
2015-16,19,West Bengal,1909,BARDDHAMAN,190905,BHATAR,1,PS (I-V),5,Private Unaided (Recognized),Rural,3,Co-Ed,2,2,0,1,1,2,2,2,1,2,0,0,0,0,1,0,0,0,0,1,0,1,1,1,0,0,2,0,1,0,0
2015-16,19,West Bengal,1909,BARDDHAMAN,190905,BHATAR,1,PS (I-V),8,Unrecognized,Rural,3,Co-Ed,5,5,0,1,2,5,4,1,2,2,0,0,0,0,2,0,0,0,0,4,0,1,1,0,5,0,2,0,0,0,0
2015-16,19,West Bengal,1909,BARDDHAMAN,190905,BHATAR,7,SS (VI-X),1,Department of Education,Rural,2,Girls,4,4,0,4,4,4,4,0,4,4,0,0,0,0,2,3,0,2,4,4,0,4,4,1,3,0,4,0,2,0,0
2015-16,19,West Bengal,1909,BARDDHAMAN,190905,BHATAR,7,SS (VI-X),1,Department of Education,Rural,3,Co-Ed,15,15,0,10,15,15,15,15,15,15,0,0,0,0,3,14,0,3,13,15,1,15,7,8,12,3,15,0,6,0,0
2015-16,19,West Bengal,1909,BARDDHAMAN,190905,BHATAR,4,UPS (VI-VIII),1,Department of Education,Rural,3,Co-Ed,11,5,0,3,10,11,4,11,11,11,0,0,0,0,4,2,0,0,6,11,0,11,10,2,8,0,8,0,2,0,0
2015-16,19,West Bengal,1909,BARDDHAMAN,190906,BURDWAN-I,3,HSS (I-XII),5,Private Unaided (Recognized),Rural,3,Co-Ed,1,1,0,1,1,1,1,1,1,1,0,0,0,0,1,1,0,1,0,1,1,1,1,1,1,0,0,0,0,0,0
2015-16,19,West Bengal,1909,BARDDHAMAN,190906,BURDWAN-I,5,HSS (VI-XII),1,Department of Education,Rural,3,Co-Ed,10,10,0,8,10,10,10,10,10,10,0,0,0,0,6,8,0,4,8,10,5,10,8,7,9,3,10,0,3,0,0
2015-16,19,West Bengal,1909,BARDDHAMAN,190906,BURDWAN-I,5,HSS (VI-XII),97,Madarsa recognized (by Wakf board/Madarsa Board) ,Rural,3,Co-Ed,1,1,0,1,1,1,1,1,1,1,0,0,0,0,1,1,0,0,1,1,1,1,1,1,0,0,1,0,0,0,0
2015-16,19,West Bengal,1909,BARDDHAMAN,190906,BURDWAN-I,1,PS (I-V),1,Department of Education,Rural,3,Co-Ed,160,160,0,2,152,160,97,160,160,160,0,0,0,0,105,34,0,0,129,134,0,160,61,46,50,0,114,0,111,0,0
2015-16,19,West Bengal,1909,BARDDHAMAN,190906,BURDWAN-I,1,PS (I-V),5,Private Unaided (Recognized),Rural,3,Co-Ed,4,4,0,4,4,4,4,1,3,3,0,0,0,0,3,1,0,0,1,1,0,2,2,0,4,0,1,0,4,0,0
2015-16,19,West Bengal,1909,BARDDHAMAN,190906,BURDWAN-I,1,PS (I-V),8,Unrecognized,Rural,3,Co-Ed,3,3,0,1,3,3,3,0,3,3,0,0,0,0,0,0,0,0,0,3,0,1,2,0,0,0,0,0,2,0,0
2015-16,19,West Bengal,1909,BARDDHAMAN,190906,BURDWAN-I,6,SS (I-X),8,Unrecognized,Rural,3,Co-Ed,1,1,0,1,1,1,1,1,1,1,0,0,0,0,0,0,0,1,0,1,0,1,1,0,1,1,0,0,1,0,0
2015-16,19,West Bengal,1909,BARDDHAMAN,190906,BURDWAN-I,7,SS (VI-X),1,Department of Education,Rural,2,Girls,1,1,0,0,1,1,1,0,1,1,0,0,0,0,1,1,0,0,1,1,0,1,1,1,1,0,1,0,0,0,0
2015-16,19,West Bengal,1909,BARDDHAMAN,190906,BURDWAN-I,7,SS (VI-X),1,Department of Education,Rural,3,Co-Ed,10,10,0,8,10,10,10,10,10,10,0,0,0,0,2,10,0,3,8,10,0,10,9,7,8,1,10,0,5,0,0
2015-16,19,West Bengal,1909,BARDDHAMAN,190906,BURDWAN-I,2,UPS (I-VIII),5,Private Unaided (Recognized),Rural,3,Co-Ed,1,1,0,1,1,1,1,1,1,1,0,0,0,0,1,1,0,0,0,1,0,1,1,0,1,0,1,0,0,0,0
2015-16,19,West Bengal,1909,BARDDHAMAN,190906,BURDWAN-I,4,UPS (VI-VIII),1,Department of Education,Rural,2,Girls,3,3,0,1,3,3,2,0,3,3,0,0,0,0,1,3,0,0,1,3,0,3,2,0,1,0,2,0,2,0,0
2015-16,19,West Bengal,1909,BARDDHAMAN,190906,BURDWAN-I,4,UPS (VI-VIII),1,Department of Education,Rural,3,Co-Ed,7,7,0,0,6,7,5,7,7,7,0,0,0,0,3,6,0,0,3,7,0,7,4,0,6,0,6,0,1,0,0
2015-16,19,West Bengal,1909,BARDDHAMAN,190907,BURDWAN-II,5,HSS (VI-XII),1,Department of Education,Rural,2,Girls,1,1,0,1,0,1,1,0,1,1,0,0,0,0,0,1,0,1,1,1,0,1,1,0,1,0,1,0,0,0,0
2015-16,19,West Bengal,1909,BARDDHAMAN,190907,BURDWAN-II,5,HSS (VI-XII),1,Department of Education,Rural,3,Co-Ed,7,7,0,7,7,7,7,7,7,7,0,0,0,0,3,3,0,3,6,7,1,7,6,6,7,0,7,0,4,0,0
2015-16,19,West Bengal,1909,BARDDHAMAN,190907,BURDWAN-II,1,PS (I-V),1,Department of Education,Rural,3,Co-Ed,98,98,0,4,94,98,76,98,98,98,0,0,0,0,47,26,0,0,92,72,0,98,77,8,63,0,88,0,67,0,0
2015-16,19,West Bengal,1909,BARDDHAMAN,190907,BURDWAN-II,1,PS (I-V),5,Private Unaided (Recognized),Rural,3,Co-Ed,3,3,0,1,3,3,3,1,2,3,0,0,0,0,0,0,0,0,0,2,0,2,0,0,1,0,0,0,3,0,0
2015-16,19,West Bengal,1909,BARDDHAMAN,190907,BURDWAN-II,1,PS (I-V),8,Unrecognized,Rural,3,Co-Ed,3,3,0,0,2,3,2,0,3,3,0,0,0,0,0,0,0,0,0,3,0,1,2,0,1,0,0,0,0,0,0
2015-16,19,West Bengal,1909,BARDDHAMAN,190907,BURDWAN-II,6,SS (I-X),5,Private Unaided (Recognized),Rural,3,Co-Ed,2,2,0,2,2,2,2,1,2,2,0,0,0,0,1,1,0,1,0,2,1,2,1,1,2,0,2,0,1,0,0
2015-16,19,West Bengal,1909,BARDDHAMAN,190907,BURDWAN-II,6,SS (I-X),97,Madarsa recognized (by Wakf board/Madarsa Board) ,Rural,3,Co-Ed,1,1,0,0,1,1,1,1,1,1,0,0,0,0,1,1,0,0,1,1,0,1,1,0,0,0,1,0,0,0,0
2015-16,19,West Bengal,1909,BARDDHAMAN,190907,BURDWAN-II,7,SS (VI-X),1,Department of Education,Rural,2,Girls,1,1,0,0,1,1,1,0,1,1,0,0,0,0,0,0,0,0,1,1,0,1,1,0,1,0,1,0,0,0,0
2015-16,19,West Bengal,1909,BARDDHAMAN,190907,BURDWAN-II,7,SS (VI-X),1,Department of Education,Rural,3,Co-Ed,9,9,0,5,9,9,9,9,9,9,0,0,0,0,7,6,0,2,6,8,0,9,6,6,7,0,9,0,1,0,0
2015-16,19,West Bengal,1909,BARDDHAMAN,190907,BURDWAN-II,7,SS (VI-X),97,Madarsa recognized (by Wakf board/Madarsa Board) ,Rural,3,Co-Ed,1,1,0,0,1,1,1,1,1,1,0,0,0,0,1,1,0,0,1,1,0,1,1,0,0,0,1,0,1,0,0
2015-16,19,West Bengal,1909,BARDDHAMAN,190907,BURDWAN-II,2,UPS (I-VIII),5,Private Unaided (Recognized),Rural,3,Co-Ed,1,1,0,0,1,1,0,0,1,1,0,0,0,0,0,0,0,0,0,0,0,0,0,0,0,0,0,0,1,0,0
2015-16,19,West Bengal,1909,BARDDHAMAN,190907,BURDWAN-II,4,UPS (VI-VIII),1,Department of Education,Rural,2,Girls,2,2,0,0,2,2,1,2,2,2,0,0,0,0,2,2,0,0,0,2,0,2,1,0,2,0,2,0,0,0,0
2015-16,19,West Bengal,1909,BARDDHAMAN,190907,BURDWAN-II,4,UPS (VI-VIII),1,Department of Education,Rural,3,Co-Ed,11,11,0,3,11,11,8,11,11,11,0,0,0,0,5,7,0,0,5,11,0,11,9,3,9,0,8,0,6,0,0
2015-16,19,West Bengal,1909,BARDDHAMAN,190908,DURGAPUR-FARIDPUR,3,HSS (I-XII),8,Unrecognized,Rural,3,Co-Ed,1,1,0,0,1,1,1,0,1,1,0,0,0,0,0,0,0,0,0,0,0,0,1,0,1,0,1,0,0,0,0
2015-16,19,West Bengal,1909,BARDDHAMAN,190908,DURGAPUR-FARIDPUR,5,HSS (VI-XII),1,Department of Education,Rural,3,Co-Ed,5,5,0,5,5,5,4,5,5,5,0,0,0,0,0,4,0,2,2,5,2,5,4,3,4,0,5,0,0,0,0
2015-16,19,West Bengal,1909,BARDDHAMAN,190908,DURGAPUR-FARIDPUR,1,PS (I-V),1,Department of Education,Rural,3,Co-Ed,86,86,0,4,75,86,39,86,86,86,0,0,0,0,23,21,0,0,82,73,0,86,64,3,52,0,67,0,61,0,0
2015-16,19,West Bengal,1909,BARDDHAMAN,190908,DURGAPUR-FARIDPUR,1,PS (I-V),5,Private Unaided (Recognized),Rural,3,Co-Ed,2,2,0,1,2,2,2,0,2,2,0,0,0,0,0,0,0,0,0,0,0,0,1,0,2,0,0,0,1,0,0
2015-16,19,West Bengal,1909,BARDDHAMAN,190908,DURGAPUR-FARIDPUR,1,PS (I-V),8,Unrecognized,Rural,3,Co-Ed,16,16,0,0,14,16,14,0,15,15,0,0,0,0,0,2,0,0,0,2,0,0,6,0,12,0,4,0,4,0,0
2015-16,19,West Bengal,1909,BARDDHAMAN,190908,DURGAPUR-FARIDPUR,7,SS (VI-X),1,Department of Education,Rural,3,Co-Ed,6,6,0,2,5,6,6,6,6,6,0,0,0,0,2,4,0,0,4,6,0,6,5,2,4,1,6,0,3,0,0
2015-16,19,West Bengal,1909,BARDDHAMAN,190908,DURGAPUR-FARIDPUR,4,UPS (VI-VIII),8,Unrecognized,Rural,2,Girls,1,1,0,1,1,1,1,0,1,1,0,0,0,0,0,0,0,0,0,1,0,1,1,0,1,0,0,0,0,0,0
2015-16,19,West Bengal,1909,BARDDHAMAN,190908,DURGAPUR-FARIDPUR,4,UPS (VI-VIII),1,Department of Education,Rural,3,Co-Ed,2,2,0,1,2,2,1,2,2,2,0,0,0,0,1,0,0,0,2,2,0,2,1,2,2,0,0,0,2,0,0
2015-16,19,West Bengal,1909,BARDDHAMAN,190909,GALSI-I,5,HSS (VI-XII),1,Department of Education,Rural,3,Co-Ed,6,6,0,4,5,6,6,6,6,6,0,0,0,0,4,5,0,3,5,6,1,6,5,5,6,1,6,0,4,0,0
2015-16,19,West Bengal,1909,BARDDHAMAN,190909,GALSI-I,1,PS (I-V),1,Department of Education,Rural,3,Co-Ed,135,135,0,2,129,135,91,135,135,135,0,0,0,0,79,18,0,0,114,97,0,135,105,12,46,0,117,0,98,0,0
2015-16,19,West Bengal,1909,BARDDHAMAN,190909,GALSI-I,1,PS (I-V),5,Private Unaided (Recognized),Rural,3,Co-Ed,3,3,0,1,2,3,2,2,3,3,0,0,0,0,3,0,0,0,0,2,0,3,1,2,2,0,1,0,1,0,0
2015-16,19,West Bengal,1909,BARDDHAMAN,190909,GALSI-I,1,PS (I-V),8,Unrecognized,Rural,3,Co-Ed,10,10,0,2,10,10,9,6,9,9,0,0,0,0,5,1,0,0,0,7,0,2,3,1,6,0,3,0,6,0,0
2015-16,19,West Bengal,1909,BARDDHAMAN,190909,GALSI-I,7,SS (VI-X),1,Department of Education,Rural,2,Girls,1,1,0,1,1,1,1,0,1,1,0,0,0,0,1,0,0,0,1,1,0,1,1,0,1,0,1,0,1,0,0
2015-16,19,West Bengal,1909,BARDDHAMAN,190909,GALSI-I,7,SS (VI-X),1,Department of Education,Rural,3,Co-Ed,13,13,0,8,13,13,13,13,13,13,0,0,0,0,6,10,0,2,7,12,0,13,12,4,9,0,13,0,4,0,0
2015-16,19,West Bengal,1909,BARDDHAMAN,190909,GALSI-I,7,SS (VI-X),97,Madarsa recognized (by Wakf board/Madarsa Board) ,Rural,3,Co-Ed,2,2,0,0,2,2,2,2,2,2,0,0,0,0,2,1,0,0,2,2,0,2,2,0,2,0,2,0,1,0,0
2015-16,19,West Bengal,1909,BARDDHAMAN,190909,GALSI-I,4,UPS (VI-VIII),1,Department of Education,Rural,2,Girls,1,1,0,0,0,1,0,0,1,1,0,0,0,0,0,0,0,0,0,1,0,1,0,0,0,0,1,0,0,0,0
2015-16,19,West Bengal,1909,BARDDHAMAN,190909,GALSI-I,4,UPS (VI-VIII),1,Department of Education,Rural,3,Co-Ed,8,5,0,3,8,8,5,8,8,8,0,0,0,0,4,3,0,0,3,7,0,8,5,3,4,0,4,0,4,0,0
2015-16,19,West Bengal,1909,BARDDHAMAN,190910,GALSI-II,5,HSS (VI-XII),1,Department of Education,Rural,1,Boys,1,1,0,1,1,1,1,1,1,1,0,0,0,0,0,1,0,0,1,1,0,1,1,1,1,0,1,0,0,0,0
2015-16,19,West Bengal,1909,BARDDHAMAN,190910,GALSI-II,5,HSS (VI-XII),1,Department of Education,Rural,2,Girls,1,1,0,0,1,1,1,1,1,1,0,0,0,0,0,1,0,0,1,1,0,1,1,1,1,0,1,0,0,0,0
2015-16,19,West Bengal,1909,BARDDHAMAN,190910,GALSI-II,5,HSS (VI-XII),97,Madarsa recognized (by Wakf board/Madarsa Board) ,Rural,2,Girls,1,1,0,1,1,1,1,0,1,1,0,0,0,0,1,1,0,0,1,1,1,1,1,1,1,0,1,0,1,0,0
2015-16,19,West Bengal,1909,BARDDHAMAN,190910,GALSI-II,5,HSS (VI-XII),1,Department of Education,Rural,3,Co-Ed,3,3,0,3,3,3,3,3,3,3,0,0,0,0,3,3,0,3,3,3,2,3,2,3,3,1,3,0,1,0,0
2015-16,19,West Bengal,1909,BARDDHAMAN,190910,GALSI-II,5,HSS (VI-XII),97,Madarsa recognized (by Wakf board/Madarsa Board) ,Rural,3,Co-Ed,1,1,0,1,1,1,1,1,1,1,0,0,0,0,0,1,0,0,0,1,0,1,1,1,0,1,1,0,0,0,0
2015-16,19,West Bengal,1909,BARDDHAMAN,190910,GALSI-II,1,PS (I-V),1,Department of Education,Rural,3,Co-Ed,137,137,0,0,134,137,74,137,137,137,0,0,0,0,64,18,0,0,118,103,0,137,87,3,35,0,111,0,80,0,0
2015-16,19,West Bengal,1909,BARDDHAMAN,190910,GALSI-II,1,PS (I-V),5,Private Unaided (Recognized),Rural,3,Co-Ed,7,7,0,2,5,7,5,5,6,6,0,0,0,0,5,5,0,0,0,5,0,4,3,1,5,0,4,0,2,0,0
2015-16,19,West Bengal,1909,BARDDHAMAN,190910,GALSI-II,6,SS (I-X),5,Private Unaided (Recognized),Rural,3,Co-Ed,1,1,0,1,1,1,1,1,1,1,0,0,0,0,1,0,0,1,0,0,1,1,1,1,1,0,1,0,1,0,0
2015-16,19,West Bengal,1909,BARDDHAMAN,190910,GALSI-II,7,SS (VI-X),97,Madarsa recognized (by Wakf board/Madarsa Board) ,Rural,1,Boys,1,1,0,1,1,1,1,1,1,1,0,0,0,0,1,1,0,0,1,1,0,1,0,1,1,0,1,0,1,0,0
2015-16,19,West Bengal,1909,BARDDHAMAN,190910,GALSI-II,7,SS (VI-X),1,Department of Education,Rural,3,Co-Ed,8,8,0,8,8,8,8,8,8,8,0,0,0,0,1,7,0,2,7,8,0,8,8,2,7,1,8,0,2,0,0
2015-16,19,West Bengal,1909,BARDDHAMAN,190910,GALSI-II,7,SS (VI-X),97,Madarsa recognized (by Wakf board/Madarsa Board) ,Rural,3,Co-Ed,1,1,0,0,1,1,1,1,1,1,0,0,0,0,0,1,0,0,0,1,0,1,0,0,1,0,1,0,0,0,0
2015-16,19,West Bengal,1909,BARDDHAMAN,190910,GALSI-II,4,UPS (VI-VIII),1,Department of Education,Rural,3,Co-Ed,10,10,0,2,9,10,5,10,10,10,0,0,0,0,5,6,0,0,8,10,0,10,9,4,7,0,7,0,5,0,0
2015-16,19,West Bengal,1909,BARDDHAMAN,190911,JAMALPUR,5,HSS (VI-XII),1,Department of Education,Rural,3,Co-Ed,14,14,0,8,14,14,14,14,14,14,0,0,0,0,4,11,0,7,12,14,2,14,10,9,13,1,14,0,4,0,0
2015-16,19,West Bengal,1909,BARDDHAMAN,190911,JAMALPUR,1,PS (I-V),1,Department of Education,Rural,1,Boys,2,2,0,0,2,2,2,2,0,2,0,0,0,0,1,1,0,0,2,2,0,2,1,0,2,0,2,0,1,0,0
2015-16,19,West Bengal,1909,BARDDHAMAN,190911,JAMALPUR,1,PS (I-V),1,Department of Education,Rural,2,Girls,2,2,0,0,2,2,2,0,2,2,0,0,0,0,2,0,0,0,2,1,0,2,1,0,0,0,2,0,2,0,0
2015-16,19,West Bengal,1909,BARDDHAMAN,190911,JAMALPUR,1,PS (I-V),1,Department of Education,Rural,3,Co-Ed,194,194,0,4,188,194,131,194,194,194,0,0,0,0,121,34,0,0,183,142,0,194,120,13,66,0,173,0,106,0,0
2015-16,19,West Bengal,1909,BARDDHAMAN,190911,JAMALPUR,1,PS (I-V),5,Private Unaided (Recognized),Rural,3,Co-Ed,8,8,0,2,8,8,5,5,5,6,0,0,0,0,3,1,0,0,0,8,0,4,2,2,3,0,5,0,4,0,0
2015-16,19,West Bengal,1909,BARDDHAMAN,190911,JAMALPUR,1,PS (I-V),8,Unrecognized,Rural,3,Co-Ed,6,6,0,3,4,6,5,2,5,5,0,0,0,0,4,3,0,0,1,5,0,3,2,1,6,0,2,0,4,0,0
2015-16,19,West Bengal,1909,BARDDHAMAN,190911,JAMALPUR,7,SS (VI-X),1,Department of Education,Rural,2,Girls,6,6,0,4,5,6,6,0,6,6,0,0,0,0,2,6,0,2,6,6,1,6,6,3,1,0,6,0,1,0,0
2015-16,19,West Bengal,1909,BARDDHAMAN,190911,JAMALPUR,7,SS (VI-X),1,Department of Education,Rural,3,Co-Ed,15,15,0,8,14,15,15,15,15,15,0,0,0,0,8,14,0,7,12,15,1,15,9,5,7,0,15,0,2,0,0
2015-16,19,West Bengal,1909,BARDDHAMAN,190911,JAMALPUR,7,SS (VI-X),97,Madarsa recognized (by Wakf board/Madarsa Board) ,Rural,3,Co-Ed,2,2,0,0,2,2,2,2,2,2,0,0,0,0,1,2,0,0,1,2,0,2,0,2,0,1,2,0,0,0,0
2015-16,19,West Bengal,1909,BARDDHAMAN,190911,JAMALPUR,2,UPS (I-VIII),5,Private Unaided (Recognized),Rural,3,Co-Ed,2,2,0,2,2,2,2,2,2,2,0,0,0,0,1,1,0,0,0,2,0,2,1,0,2,0,1,0,2,0,0
2015-16,19,West Bengal,1909,BARDDHAMAN,190911,JAMALPUR,4,UPS (VI-VIII),1,Department of Education,Rural,3,Co-Ed,15,12,0,1,13,15,8,15,15,15,0,0,0,0,8,5,0,0,7,15,0,15,5,2,7,0,12,0,4,0,0
2015-16,19,West Bengal,1909,BARDDHAMAN,190912,JAMURIA,5,HSS (VI-XII),1,Department of Education,Rural,1,Boys,1,1,0,1,1,1,1,1,1,1,0,0,0,0,0,0,0,0,1,1,1,1,0,1,1,1,1,0,0,0,0
2015-16,19,West Bengal,1909,BARDDHAMAN,190912,JAMURIA,5,HSS (VI-XII),1,Department of Education,Rural,3,Co-Ed,4,4,0,3,4,4,4,4,4,4,0,0,0,0,1,4,0,3,1,4,0,4,4,2,3,0,4,0,0,0,0
2015-16,19,West Bengal,1909,BARDDHAMAN,190912,JAMURIA,1,PS (I-V),1,Department of Education,Rural,3,Co-Ed,81,81,0,1,64,81,53,81,81,81,0,0,0,0,39,26,0,0,77,72,0,81,49,21,41,0,65,0,60,0,0
2015-16,19,West Bengal,1909,BARDDHAMAN,190912,JAMURIA,1,PS (I-V),5,Private Unaided (Recognized),Rural,3,Co-Ed,14,14,0,1,9,14,7,0,5,5,0,0,0,0,0,2,0,0,0,9,0,3,1,0,2,0,1,0,10,0,0
2015-16,19,West Bengal,1909,BARDDHAMAN,190912,JAMURIA,1,PS (I-V),8,Unrecognized,Rural,3,Co-Ed,4,4,0,1,1,4,1,0,3,3,0,0,0,0,0,0,0,0,0,2,0,1,1,0,2,0,0,0,3,0,0
2015-16,19,West Bengal,1909,BARDDHAMAN,190912,JAMURIA,7,SS (VI-X),1,Department of Education,Rural,1,Boys,1,1,0,0,1,1,1,1,0,1,0,0,0,0,1,0,0,0,1,0,0,1,0,1,0,1,1,0,0,0,0
2015-16,19,West Bengal,1909,BARDDHAMAN,190912,JAMURIA,7,SS (VI-X),1,Department of Education,Rural,2,Girls,1,1,0,1,1,1,1,0,1,1,0,0,0,0,1,1,0,1,1,1,0,1,1,1,1,1,1,0,0,0,0
2015-16,19,West Bengal,1909,BARDDHAMAN,190912,JAMURIA,7,SS (VI-X),1,Department of Education,Rural,3,Co-Ed,4,4,0,3,3,4,4,4,4,4,0,0,0,0,3,3,0,1,3,4,0,4,4,3,4,0,4,0,1,0,0
2015-16,19,West Bengal,1909,BARDDHAMAN,190912,JAMURIA,2,UPS (I-VIII),5,Private Unaided (Recognized),Rural,3,Co-Ed,2,2,0,0,2,2,2,1,1,1,0,0,0,0,1,0,0,0,0,1,0,1,0,1,0,0,0,0,0,0,0
2015-16,19,West Bengal,1909,BARDDHAMAN,190912,JAMURIA,2,UPS (I-VIII),8,Unrecognized,Rural,3,Co-Ed,1,1,0,1,1,1,1,0,0,0,0,0,0,0,0,0,0,0,0,0,0,0,1,0,1,0,0,0,1,0,0
2015-16,19,West Bengal,1909,BARDDHAMAN,190912,JAMURIA,4,UPS (VI-VIII),1,Department of Education,Rural,3,Co-Ed,9,7,0,1,7,9,3,9,9,9,0,0,0,0,2,5,0,0,3,9,1,9,5,1,7,0,8,0,1,0,0
2015-16,19,West Bengal,1909,BARDDHAMAN,190913,KALNA-I,3,HSS (I-XII),5,Private Unaided (Recognized),Rural,3,Co-Ed,1,1,0,1,1,1,1,1,1,1,0,0,0,0,0,1,0,0,0,1,0,1,1,0,1,0,0,0,1,0,0
2015-16,19,West Bengal,1909,BARDDHAMAN,190913,KALNA-I,5,HSS (VI-XII),1,Department of Education,Rural,2,Girls,1,1,0,1,1,1,1,0,1,1,0,0,0,0,1,1,0,0,1,1,0,1,0,0,0,0,1,0,0,0,0
2015-16,19,West Bengal,1909,BARDDHAMAN,190913,KALNA-I,5,HSS (VI-XII),1,Department of Education,Rural,3,Co-Ed,8,8,0,7,6,8,8,8,8,8,0,0,0,0,1,5,0,5,5,8,1,8,4,5,7,1,8,0,3,0,0
2015-16,19,West Bengal,1909,BARDDHAMAN,190913,KALNA-I,1,PS (I-V),1,Department of Education,Rural,3,Co-Ed,146,145,0,3,135,146,83,146,146,146,0,0,0,0,41,19,0,0,133,125,0,146,88,28,50,0,119,0,88,0,0
2015-16,19,West Bengal,1909,BARDDHAMAN,190913,KALNA-I,1,PS (I-V),5,Private Unaided (Recognized),Rural,3,Co-Ed,8,8,0,6,7,8,8,6,6,6,0,0,0,0,5,3,0,0,0,6,0,5,5,2,5,0,7,0,2,0,0
2015-16,19,West Bengal,1909,BARDDHAMAN,190913,KALNA-I,1,PS (I-V),8,Unrecognized,Rural,3,Co-Ed,3,3,0,0,2,3,2,3,1,3,0,0,0,0,0,0,0,0,0,1,0,1,0,0,1,0,0,0,2,0,0
2015-16,19,West Bengal,1909,BARDDHAMAN,190913,KALNA-I,7,SS (VI-X),1,Department of Education,Rural,2,Girls,3,3,0,3,3,3,3,0,3,3,0,0,0,0,3,2,0,1,3,1,0,3,2,1,1,1,3,0,1,0,0
2015-16,19,West Bengal,1909,BARDDHAMAN,190913,KALNA-I,7,SS (VI-X),1,Department of Education,Rural,3,Co-Ed,8,8,0,1,7,8,7,8,8,8,0,0,0,0,1,8,0,3,5,8,0,8,5,3,5,0,8,0,3,0,0
2015-16,19,West Bengal,1909,BARDDHAMAN,190913,KALNA-I,7,SS (VI-X),97,Madarsa recognized (by Wakf board/Madarsa Board) ,Rural,3,Co-Ed,1,1,0,1,1,1,0,1,1,1,0,0,0,0,0,0,0,0,1,1,0,1,1,1,1,0,1,0,0,0,0
2015-16,19,West Bengal,1909,BARDDHAMAN,190913,KALNA-I,4,UPS (VI-VIII),1,Department of Education,Rural,3,Co-Ed,4,4,0,2,4,4,3,4,4,4,0,0,0,0,3,0,0,0,4,4,0,4,2,3,3,0,0,0,2,0,0
2015-16,19,West Bengal,1909,BARDDHAMAN,190914,KALNA-II,5,HSS (VI-XII),1,Department of Education,Rural,1,Boys,2,2,0,2,2,2,2,2,2,2,0,0,0,0,0,2,0,2,2,2,1,2,2,1,2,0,2,0,1,0,0
2015-16,19,West Bengal,1909,BARDDHAMAN,190914,KALNA-II,5,HSS (VI-XII),1,Department of Education,Rural,2,Girls,2,2,0,1,2,2,2,1,2,2,0,0,0,0,1,2,0,1,2,2,0,2,2,2,2,0,2,0,0,0,0
2015-16,19,West Bengal,1909,BARDDHAMAN,190914,KALNA-II,5,HSS (VI-XII),1,Department of Education,Rural,3,Co-Ed,4,4,0,4,4,4,4,4,4,4,0,0,0,0,1,4,0,3,4,3,0,4,3,2,3,0,4,0,0,0,0
2015-16,19,West Bengal,1909,BARDDHAMAN,190914,KALNA-II,1,PS (I-V),1,Department of Education,Rural,3,Co-Ed,143,143,0,2,130,143,110,143,143,143,0,0,0,0,74,28,0,0,119,101,0,143,89,29,57,0,113,0,64,0,0
2015-16,19,West Bengal,1909,BARDDHAMAN,190914,KALNA-II,1,PS (I-V),2,Tribal Welfare Department,Rural,3,Co-Ed,1,1,0,0,1,1,1,1,1,1,0,0,0,0,0,1,0,0,1,1,0,1,1,0,0,0,1,0,0,0,0
2015-16,19,West Bengal,1909,BARDDHAMAN,190914,KALNA-II,1,PS (I-V),5,Private Unaided (Recognized),Rural,3,Co-Ed,6,6,0,1,5,6,6,5,5,5,0,0,0,0,4,4,0,0,0,5,0,1,4,2,5,0,4,0,2,0,0
2015-16,19,West Bengal,1909,BARDDHAMAN,190914,KALNA-II,1,PS (I-V),8,Unrecognized,Rural,3,Co-Ed,1,1,0,0,1,1,1,1,1,1,0,0,0,0,1,0,0,0,0,1,0,1,0,0,1,0,0,0,0,0,0
2015-16,19,West Bengal,1909,BARDDHAMAN,190914,KALNA-II,7,SS (VI-X),1,Department of Education,Rural,2,Girls,1,1,0,1,1,1,1,0,1,1,0,0,0,0,0,1,0,0,1,1,0,1,1,0,1,0,1,0,0,0,0
2015-16,19,West Bengal,1909,BARDDHAMAN,190914,KALNA-II,7,SS (VI-X),1,Department of Education,Rural,3,Co-Ed,9,9,0,3,9,9,9,9,9,9,0,0,0,0,4,8,0,4,6,8,0,9,8,6,9,0,8,0,1,0,0
2015-16,19,West Bengal,1909,BARDDHAMAN,190914,KALNA-II,4,UPS (VI-VIII),1,Department of Education,Rural,3,Co-Ed,8,6,0,4,8,8,7,8,8,8,0,0,0,0,4,2,0,0,7,8,0,8,7,5,5,0,5,0,4,0,0
2015-16,19,West Bengal,1909,BARDDHAMAN,190915,KANKSA,5,HSS (VI-XII),1,Department of Education,Rural,1,Boys,1,1,0,1,1,1,1,1,1,1,0,0,0,0,0,0,0,0,1,1,1,1,0,1,0,0,1,0,0,0,0
2015-16,19,West Bengal,1909,BARDDHAMAN,190915,KANKSA,5,HSS (VI-XII),1,Department of Education,Rural,2,Girls,2,2,0,1,2,2,2,0,2,2,0,0,0,0,2,1,0,0,0,2,0,2,1,2,2,0,2,0,0,0,0
2015-16,19,West Bengal,1909,BARDDHAMAN,190915,KANKSA,5,HSS (VI-XII),1,Department of Education,Rural,3,Co-Ed,5,5,0,4,5,5,5,5,5,5,0,0,0,0,1,4,0,1,1,3,0,5,4,1,5,0,5,0,2,0,0
2015-16,19,West Bengal,1909,BARDDHAMAN,190915,KANKSA,5,HSS (VI-XII),2,Tribal Welfare Department,Rural,3,Co-Ed,1,1,0,0,1,1,1,1,1,1,0,0,0,0,1,1,0,0,0,1,0,1,1,0,1,0,1,0,0,0,0
2015-16,19,West Bengal,1909,BARDDHAMAN,190915,KANKSA,1,PS (I-V),1,Department of Education,Rural,3,Co-Ed,173,172,0,5,169,173,103,173,173,173,0,0,0,0,84,29,0,0,162,132,0,173,113,9,57,0,109,0,125,0,0
2015-16,19,West Bengal,1909,BARDDHAMAN,190915,KANKSA,1,PS (I-V),5,Private Unaided (Recognized),Rural,3,Co-Ed,11,11,0,3,7,11,10,2,9,9,0,0,0,0,0,1,0,0,0,7,0,1,2,1,2,0,2,0,9,0,0
2015-16,19,West Bengal,1909,BARDDHAMAN,190915,KANKSA,1,PS (I-V),8,Unrecognized,Rural,3,Co-Ed,8,8,0,3,6,8,8,5,7,7,0,0,0,0,2,2,0,0,1,4,0,5,5,1,4,0,2,0,4,0,0
2015-16,19,West Bengal,1909,BARDDHAMAN,190915,KANKSA,6,SS (I-X),5,Private Unaided (Recognized),Rural,3,Co-Ed,1,1,0,1,0,1,1,1,1,1,0,0,0,0,0,1,0,0,0,0,0,1,1,1,1,0,0,0,1,0,0
2015-16,19,West Bengal,1909,BARDDHAMAN,190915,KANKSA,7,SS (VI-X),1,Department of Education,Rural,3,Co-Ed,10,10,0,6,10,10,10,10,10,10,0,0,0,0,5,5,0,7,8,9,0,10,8,1,9,0,10,0,4,0,0
2015-16,19,West Bengal,1909,BARDDHAMAN,190915,KANKSA,2,UPS (I-VIII),5,Private Unaided (Recognized),Rural,3,Co-Ed,2,2,0,2,2,2,2,1,1,1,0,0,0,0,2,1,0,0,0,2,0,2,1,0,2,0,0,0,1,0,0
2015-16,19,West Bengal,1909,BARDDHAMAN,190915,KANKSA,4,UPS (VI-VIII),1,Department of Education,Rural,2,Girls,2,1,0,0,2,2,0,0,2,2,0,0,0,0,0,1,0,0,0,2,0,2,1,0,1,0,1,0,1,0,0
2015-16,19,West Bengal,1909,BARDDHAMAN,190915,KANKSA,4,UPS (VI-VIII),1,Department of Education,Rural,3,Co-Ed,13,9,0,1,13,13,8,13,13,13,0,0,0,0,3,6,0,0,9,13,0,13,12,1,11,0,7,0,7,0,0
2015-16,19,West Bengal,1909,BARDDHAMAN,190916,KATWA-I,3,HSS (I-XII),97,Madarsa recognized (by Wakf board/Madarsa Board) ,Rural,3,Co-Ed,1,1,0,0,1,1,1,1,1,1,0,0,0,0,0,1,0,0,1,1,0,1,1,0,0,0,1,0,0,0,0
2015-16,19,West Bengal,1909,BARDDHAMAN,190916,KATWA-I,5,HSS (VI-XII),1,Department of Education,Rural,3,Co-Ed,5,5,0,5,4,5,4,5,5,5,0,0,0,0,1,4,0,4,4,5,1,5,5,5,4,0,5,0,4,0,0
2015-16,19,West Bengal,1909,BARDDHAMAN,190916,KATWA-I,1,PS (I-V),1,Department of Education,Rural,3,Co-Ed,122,121,0,2,119,122,86,122,122,122,0,0,0,0,60,24,0,0,108,85,0,122,82,4,23,0,103,0,59,0,0
2015-16,19,West Bengal,1909,BARDDHAMAN,190916,KATWA-I,1,PS (I-V),5,Private Unaided (Recognized),Rural,3,Co-Ed,2,2,0,0,2,2,2,1,1,1,0,0,0,0,2,1,0,0,0,2,0,1,0,1,0,0,0,0,1,0,0
2015-16,19,West Bengal,1909,BARDDHAMAN,190916,KATWA-I,1,PS (I-V),8,Unrecognized,Rural,3,Co-Ed,3,3,0,1,2,3,3,1,2,2,0,0,0,0,0,0,0,0,0,0,0,2,0,0,0,0,0,0,1,0,0
2015-16,19,West Bengal,1909,BARDDHAMAN,190916,KATWA-I,7,SS (VI-X),1,Department of Education,Rural,1,Boys,1,1,0,1,1,1,1,1,0,1,0,0,0,0,0,1,0,0,0,1,0,1,1,0,1,0,1,0,0,0,0
2015-16,19,West Bengal,1909,BARDDHAMAN,190916,KATWA-I,7,SS (VI-X),1,Department of Education,Rural,2,Girls,1,1,0,0,1,1,1,0,1,1,0,0,0,0,0,1,0,0,1,1,0,1,1,0,0,0,1,0,0,0,0
2015-16,19,West Bengal,1909,BARDDHAMAN,190916,KATWA-I,7,SS (VI-X),1,Department of Education,Rural,3,Co-Ed,7,7,0,2,7,7,7,7,7,7,0,0,0,0,4,4,0,1,5,7,0,7,4,4,5,0,7,0,2,0,0
2015-16,19,West Bengal,1909,BARDDHAMAN,190916,KATWA-I,7,SS (VI-X),97,Madarsa recognized (by Wakf board/Madarsa Board) ,Rural,3,Co-Ed,1,1,0,0,1,1,1,1,1,1,0,0,0,0,1,1,0,0,0,1,0,1,1,0,0,0,1,0,0,0,0
2015-16,19,West Bengal,1909,BARDDHAMAN,190916,KATWA-I,2,UPS (I-VIII),5,Private Unaided (Recognized),Rural,2,Girls,1,1,0,0,1,1,1,0,1,1,0,0,0,0,0,0,0,0,0,1,0,1,0,0,1,0,0,0,1,0,0
2015-16,19,West Bengal,1909,BARDDHAMAN,190916,KATWA-I,4,UPS (VI-VIII),1,Department of Education,Rural,3,Co-Ed,4,3,0,1,4,4,2,4,4,4,0,0,0,0,1,1,0,0,3,4,0,4,3,2,4,0,3,0,0,0,0
2015-16,19,West Bengal,1909,BARDDHAMAN,190917,KATWA-II,5,HSS (VI-XII),1,Department of Education,Rural,3,Co-Ed,4,4,0,4,4,4,4,4,4,4,0,0,0,0,0,2,0,1,4,4,0,4,2,2,4,1,4,0,0,0,0
2015-16,19,West Bengal,1909,BARDDHAMAN,190917,KATWA-II,5,HSS (VI-XII),97,Madarsa recognized (by Wakf board/Madarsa Board) ,Rural,3,Co-Ed,1,1,0,0,1,1,1,1,1,1,0,0,0,0,0,1,0,0,1,1,0,1,1,1,1,0,1,0,1,0,0
2015-16,19,West Bengal,1909,BARDDHAMAN,190917,KATWA-II,1,PS (I-V),1,Department of Education,Rural,2,Girls,1,1,0,0,1,1,1,0,1,1,0,0,0,0,0,0,0,0,1,1,0,1,0,0,1,0,1,0,0,0,0
2015-16,19,West Bengal,1909,BARDDHAMAN,190917,KATWA-II,1,PS (I-V),1,Department of Education,Rural,3,Co-Ed,98,98,0,0,96,98,55,98,98,98,0,0,0,0,55,27,0,0,80,81,0,98,67,14,52,0,86,0,48,0,0
2015-16,19,West Bengal,1909,BARDDHAMAN,190917,KATWA-II,1,PS (I-V),5,Private Unaided (Recognized),Rural,3,Co-Ed,5,5,0,1,5,5,3,2,3,3,0,0,0,0,2,0,0,0,0,3,0,1,1,1,2,0,2,0,3,0,0
2015-16,19,West Bengal,1909,BARDDHAMAN,190917,KATWA-II,1,PS (I-V),8,Unrecognized,Rural,3,Co-Ed,1,1,0,0,1,1,1,0,0,0,0,0,0,0,1,0,0,0,0,1,0,1,0,0,1,0,0,0,1,0,0
2015-16,19,West Bengal,1909,BARDDHAMAN,190917,KATWA-II,1,PS (I-V),1,Department of Education,Urban,3,Co-Ed,1,1,0,0,1,1,1,1,1,1,0,0,0,0,0,0,0,0,1,1,0,1,1,0,1,0,1,0,0,0,0
2015-16,19,West Bengal,1909,BARDDHAMAN,190917,KATWA-II,7,SS (VI-X),1,Department of Education,Rural,2,Girls,1,1,0,0,1,1,1,0,1,1,0,0,0,0,1,1,0,0,1,1,0,1,1,0,1,0,1,0,0,0,0
2015-16,19,West Bengal,1909,BARDDHAMAN,190917,KATWA-II,7,SS (VI-X),1,Department of Education,Rural,3,Co-Ed,9,9,0,5,8,9,9,9,9,9,0,0,0,0,5,7,0,1,7,8,0,9,5,1,8,0,9,0,4,0,0
2015-16,19,West Bengal,1909,BARDDHAMAN,190917,KATWA-II,4,UPS (VI-VIII),1,Department of Education,Rural,2,Girls,1,1,0,0,1,1,1,0,1,1,0,0,0,0,1,1,0,0,0,1,0,1,0,0,1,0,1,0,0,0,0
2015-16,19,West Bengal,1909,BARDDHAMAN,190917,KATWA-II,4,UPS (VI-VIII),1,Department of Education,Rural,3,Co-Ed,5,5,0,1,3,5,1,5,5,5,0,0,0,0,1,5,0,0,3,5,0,5,3,0,2,0,5,0,1,0,0
2015-16,19,West Bengal,1909,BARDDHAMAN,190918,KETUGRAM-I,5,HSS (VI-XII),1,Department of Education,Rural,1,Boys,2,2,0,2,2,2,2,2,2,2,0,0,0,0,0,1,0,1,2,2,0,2,1,2,2,0,2,0,1,0,0
2015-16,19,West Bengal,1909,BARDDHAMAN,190918,KETUGRAM-I,5,HSS (VI-XII),1,Department of Education,Rural,3,Co-Ed,5,5,0,3,5,5,5,5,5,5,0,0,0,0,1,5,0,1,5,5,1,5,4,4,5,0,5,0,2,0,0
2015-16,19,West Bengal,1909,BARDDHAMAN,190918,KETUGRAM-I,5,HSS (VI-XII),97,Madarsa recognized (by Wakf board/Madarsa Board) ,Rural,3,Co-Ed,2,2,0,2,2,2,2,2,2,2,0,0,0,0,2,2,0,1,2,0,1,2,1,1,2,0,2,0,0,0,0
2015-16,19,West Bengal,1909,BARDDHAMAN,190918,KETUGRAM-I,1,PS (I-V),1,Department of Education,Rural,3,Co-Ed,149,148,0,7,140,149,86,149,149,149,0,0,0,0,56,38,0,0,76,106,0,149,66,18,44,0,100,0,102,0,0
2015-16,19,West Bengal,1909,BARDDHAMAN,190918,KETUGRAM-I,1,PS (I-V),5,Private Unaided (Recognized),Rural,3,Co-Ed,9,9,0,2,7,9,5,3,3,3,0,0,0,0,4,1,0,0,0,7,0,6,4,3,4,0,3,0,3,0,0
2015-16,19,West Bengal,1909,BARDDHAMAN,190918,KETUGRAM-I,1,PS (I-V),8,Unrecognized,Rural,3,Co-Ed,2,2,0,1,1,2,1,1,1,1,0,0,0,0,1,1,0,0,0,1,0,1,1,1,1,0,1,0,1,0,0
2015-16,19,West Bengal,1909,BARDDHAMAN,190918,KETUGRAM-I,6,SS (I-X),97,Madarsa recognized (by Wakf board/Madarsa Board) ,Rural,3,Co-Ed,1,1,0,0,1,1,1,1,1,1,0,0,0,0,0,0,0,0,1,1,0,1,0,0,0,0,1,0,0,0,0
2015-16,19,West Bengal,1909,BARDDHAMAN,190918,KETUGRAM-I,7,SS (VI-X),1,Department of Education,Rural,2,Girls,2,2,0,2,2,2,2,0,2,2,0,0,0,0,1,2,0,1,2,1,0,2,2,1,1,0,2,0,0,0,0
2015-16,19,West Bengal,1909,BARDDHAMAN,190918,KETUGRAM-I,7,SS (VI-X),1,Department of Education,Rural,3,Co-Ed,8,8,0,6,7,8,8,8,8,8,0,0,0,0,5,8,0,4,6,8,0,8,8,3,6,0,8,0,2,0,0
2015-16,19,West Bengal,1909,BARDDHAMAN,190918,KETUGRAM-I,7,SS (VI-X),97,Madarsa recognized (by Wakf board/Madarsa Board) ,Rural,3,Co-Ed,3,3,0,0,3,3,3,3,3,3,0,0,0,0,1,2,0,0,3,2,0,3,2,1,0,0,3,0,0,0,0
2015-16,19,West Bengal,1909,BARDDHAMAN,190918,KETUGRAM-I,2,UPS (I-VIII),5,Private Unaided (Recognized),Rural,3,Co-Ed,3,3,0,1,3,3,3,2,2,2,0,0,0,0,1,2,0,0,0,3,0,2,1,2,1,0,1,0,2,0,0
2015-16,19,West Bengal,1909,BARDDHAMAN,190918,KETUGRAM-I,4,UPS (VI-VIII),1,Department of Education,Rural,2,Girls,1,1,0,0,1,1,1,0,1,1,0,0,0,0,0,1,0,0,1,0,0,1,0,0,1,0,1,0,0,0,0
2015-16,19,West Bengal,1909,BARDDHAMAN,190918,KETUGRAM-I,4,UPS (VI-VIII),1,Department of Education,Rural,3,Co-Ed,6,6,0,2,6,6,3,6,6,6,0,0,0,0,1,0,0,0,4,6,0,6,6,5,2,0,1,0,2,0,0
2015-16,19,West Bengal,1909,BARDDHAMAN,190919,KETUGRAM-II,5,HSS (VI-XII),1,Department of Education,Rural,3,Co-Ed,5,5,0,5,5,5,5,5,5,5,0,0,0,0,4,4,0,2,5,5,2,5,4,4,3,0,5,0,2,0,0
2015-16,19,West Bengal,1909,BARDDHAMAN,190919,KETUGRAM-II,1,PS (I-V),1,Department of Education,Rural,2,Girls,1,1,0,0,1,1,1,0,1,1,0,0,0,0,1,0,0,0,1,1,0,1,1,0,0,0,1,0,1,0,0
2015-16,19,West Bengal,1909,BARDDHAMAN,190919,KETUGRAM-II,1,PS (I-V),1,Department of Education,Rural,3,Co-Ed,115,114,0,3,112,115,74,115,115,115,0,0,0,0,76,16,0,0,99,99,0,115,100,47,21,0,84,0,59,0,0
2015-16,19,West Bengal,1909,BARDDHAMAN,190919,KETUGRAM-II,1,PS (I-V),5,Private Unaided (Recognized),Rural,3,Co-Ed,5,5,0,0,3,5,3,1,3,3,0,0,0,0,2,2,0,0,0,4,0,2,2,1,1,0,1,0,3,0,0
2015-16,19,West Bengal,1909,BARDDHAMAN,190919,KETUGRAM-II,1,PS (I-V),1,Department of Education,Urban,3,Co-Ed,1,1,0,0,1,1,1,1,1,1,0,0,0,0,1,1,0,0,1,1,0,1,1,0,0,0,1,0,1,0,0
2015-16,19,West Bengal,1909,BARDDHAMAN,190919,KETUGRAM-II,7,SS (VI-X),1,Department of Education,Rural,2,Girls,1,1,0,1,1,1,1,0,1,1,0,0,0,0,1,1,0,0,0,1,0,1,1,1,1,0,1,0,0,0,0
2015-16,19,West Bengal,1909,BARDDHAMAN,190919,KETUGRAM-II,7,SS (VI-X),1,Department of Education,Rural,3,Co-Ed,7,7,0,3,7,7,7,7,7,7,0,0,0,0,6,5,0,0,3,6,0,7,5,5,5,1,7,0,1,0,0
2015-16,19,West Bengal,1909,BARDDHAMAN,190919,KETUGRAM-II,4,UPS (VI-VIII),1,Department of Education,Rural,2,Girls,3,2,0,0,0,3,1,0,3,3,0,0,0,0,2,2,0,0,2,3,0,3,1,0,0,0,3,0,2,0,0
2015-16,19,West Bengal,1909,BARDDHAMAN,190919,KETUGRAM-II,4,UPS (VI-VIII),1,Department of Education,Rural,3,Co-Ed,10,8,0,1,8,10,6,10,10,10,0,0,0,0,6,3,0,0,7,10,0,10,6,1,5,0,5,0,6,0,0
2015-16,19,West Bengal,1909,BARDDHAMAN,190920,KHANDOGHOSH,5,HSS (VI-XII),1,Department of Education,Rural,1,Boys,1,1,0,1,1,1,1,1,0,1,0,0,0,0,0,1,0,0,1,1,0,1,1,1,1,0,1,0,0,0,0
2015-16,19,West Bengal,1909,BARDDHAMAN,190920,KHANDOGHOSH,5,HSS (VI-XII),1,Department of Education,Rural,3,Co-Ed,7,7,0,4,7,7,6,7,7,7,0,0,0,0,2,6,0,2,4,7,1,7,5,5,6,2,7,0,2,0,0
2015-16,19,West Bengal,1909,BARDDHAMAN,190920,KHANDOGHOSH,5,HSS (VI-XII),97,Madarsa recognized (by Wakf board/Madarsa Board) ,Rural,3,Co-Ed,1,1,0,1,1,1,1,1,1,1,0,0,0,0,1,1,0,0,1,1,1,1,1,1,1,0,1,0,0,0,0
2015-16,19,West Bengal,1909,BARDDHAMAN,190920,KHANDOGHOSH,1,PS (I-V),1,Department of Education,Rural,3,Co-Ed,175,175,0,2,172,175,81,175,175,175,0,0,0,0,84,29,0,0,148,148,0,175,111,33,41,0,145,0,72,0,0
2015-16,19,West Bengal,1909,BARDDHAMAN,190920,KHANDOGHOSH,1,PS (I-V),4,Government Aided,Rural,3,Co-Ed,1,1,0,0,0,1,0,1,1,1,0,0,0,0,0,0,0,0,0,1,0,1,0,0,0,0,0,0,0,0,0
2015-16,19,West Bengal,1909,BARDDHAMAN,190920,KHANDOGHOSH,1,PS (I-V),5,Private Unaided (Recognized),Rural,3,Co-Ed,10,10,0,1,9,10,7,4,6,7,0,0,0,0,2,4,0,0,0,8,0,3,3,0,3,0,4,0,3,0,0
2015-16,19,West Bengal,1909,BARDDHAMAN,190920,KHANDOGHOSH,1,PS (I-V),8,Unrecognized,Rural,3,Co-Ed,2,2,0,0,0,2,2,1,1,2,0,0,0,0,1,1,0,0,0,1,0,0,0,0,1,0,0,0,1,0,0
2015-16,19,West Bengal,1909,BARDDHAMAN,190920,KHANDOGHOSH,7,SS (VI-X),97,Madarsa recognized (by Wakf board/Madarsa Board) ,Rural,2,Girls,1,1,0,0,1,1,1,0,1,1,0,0,0,0,1,1,0,0,0,1,0,1,1,0,1,0,1,0,0,0,0
2015-16,19,West Bengal,1909,BARDDHAMAN,190920,KHANDOGHOSH,7,SS (VI-X),1,Department of Education,Rural,3,Co-Ed,12,12,0,7,12,12,12,12,12,12,0,0,0,0,4,11,0,3,7,12,0,12,9,7,8,1,12,0,3,0,0
2015-16,19,West Bengal,1909,BARDDHAMAN,190920,KHANDOGHOSH,7,SS (VI-X),97,Madarsa recognized (by Wakf board/Madarsa Board) ,Rural,3,Co-Ed,1,1,0,0,1,1,1,1,1,1,0,0,0,0,1,1,0,0,1,1,0,1,1,0,1,0,1,0,0,0,0
2015-16,19,West Bengal,1909,BARDDHAMAN,190920,KHANDOGHOSH,2,UPS (I-VIII),5,Private Unaided (Recognized),Rural,3,Co-Ed,1,1,0,1,1,1,1,1,1,1,0,0,0,0,1,1,0,0,0,1,0,1,1,0,1,0,1,0,0,0,0
2015-16,19,West Bengal,1909,BARDDHAMAN,190920,KHANDOGHOSH,4,UPS (VI-VIII),1,Department of Education,Rural,1,Boys,1,1,0,1,1,1,1,1,0,1,0,0,0,0,1,0,0,0,0,1,0,0,1,0,0,0,1,0,0,0,0
2015-16,19,West Bengal,1909,BARDDHAMAN,190920,KHANDOGHOSH,4,UPS (VI-VIII),1,Department of Education,Rural,2,Girls,3,3,0,1,1,3,3,0,3,3,0,0,0,0,1,2,0,0,2,3,0,3,3,1,2,0,2,0,1,0,0
2015-16,19,West Bengal,1909,BARDDHAMAN,190920,KHANDOGHOSH,4,UPS (VI-VIII),1,Department of Education,Rural,3,Co-Ed,14,10,0,0,12,14,2,14,14,14,0,0,0,0,3,1,0,0,4,14,0,13,9,1,7,0,11,0,5,0,0
2015-16,19,West Bengal,1909,BARDDHAMAN,190921,MEMARI-I,5,HSS (VI-XII),1,Department of Education,Rural,1,Boys,2,2,0,2,2,2,2,2,1,2,0,0,0,0,1,2,0,1,2,2,0,2,1,2,1,0,2,0,0,0,0
2015-16,19,West Bengal,1909,BARDDHAMAN,190921,MEMARI-I,5,HSS (VI-XII),1,Department of Education,Rural,2,Girls,1,1,0,1,1,1,1,0,1,1,0,0,0,0,0,1,0,1,1,1,0,1,1,1,0,1,1,0,0,0,0
2015-16,19,West Bengal,1909,BARDDHAMAN,190921,MEMARI-I,5,HSS (VI-XII),1,Department of Education,Rural,3,Co-Ed,3,3,0,3,2,3,3,3,3,3,0,0,0,0,0,2,0,1,0,3,0,3,2,1,3,0,3,0,1,0,0
2015-16,19,West Bengal,1909,BARDDHAMAN,190921,MEMARI-I,1,PS (I-V),1,Department of Education,Rural,3,Co-Ed,147,147,0,4,143,147,92,147,147,147,0,0,0,0,56,30,0,0,110,123,0,147,92,18,59,0,125,0,89,0,0
2015-16,19,West Bengal,1909,BARDDHAMAN,190921,MEMARI-I,1,PS (I-V),5,Private Unaided (Recognized),Rural,3,Co-Ed,5,5,0,2,5,5,5,4,4,5,0,0,0,0,1,1,0,0,0,4,0,2,2,1,1,0,1,0,2,0,0
2015-16,19,West Bengal,1909,BARDDHAMAN,190921,MEMARI-I,1,PS (I-V),8,Unrecognized,Rural,3,Co-Ed,3,3,0,0,1,3,3,1,2,2,0,0,0,0,0,0,0,0,0,1,0,0,0,0,1,0,0,0,1,0,0
2015-16,19,West Bengal,1909,BARDDHAMAN,190921,MEMARI-I,7,SS (VI-X),1,Department of Education,Rural,2,Girls,3,3,0,3,3,3,3,0,3,3,0,0,0,0,3,3,0,1,3,3,0,3,2,3,3,0,3,0,0,0,0
2015-16,19,West Bengal,1909,BARDDHAMAN,190921,MEMARI-I,7,SS (VI-X),1,Department of Education,Rural,3,Co-Ed,9,9,0,7,8,9,8,9,9,9,0,0,0,0,3,8,0,2,4,9,0,9,6,6,8,0,9,0,5,0,0
2015-16,19,West Bengal,1909,BARDDHAMAN,190921,MEMARI-I,7,SS (VI-X),97,Madarsa recognized (by Wakf board/Madarsa Board) ,Rural,3,Co-Ed,1,1,0,0,1,1,1,1,1,1,0,0,0,0,0,1,0,0,0,1,0,1,1,0,0,0,1,0,1,0,0
2015-16,19,West Bengal,1909,BARDDHAMAN,190921,MEMARI-I,2,UPS (I-VIII),8,Unrecognized,Rural,3,Co-Ed,1,1,0,1,1,1,1,1,1,1,0,0,0,0,1,1,0,0,0,1,0,1,1,1,1,0,0,0,1,0,0
2015-16,19,West Bengal,1909,BARDDHAMAN,190921,MEMARI-I,4,UPS (VI-VIII),1,Department of Education,Rural,2,Girls,1,0,0,0,1,1,0,0,1,1,0,0,0,0,0,0,0,0,0,1,0,1,1,0,1,0,1,0,0,0,0
2015-16,19,West Bengal,1909,BARDDHAMAN,190921,MEMARI-I,4,UPS (VI-VIII),1,Department of Education,Rural,3,Co-Ed,14,11,0,1,11,14,11,14,14,14,0,0,0,0,8,5,0,1,8,14,0,14,8,2,7,0,12,0,4,0,0
2015-16,19,West Bengal,1909,BARDDHAMAN,190922,MEMARI-II,5,HSS (VI-XII),1,Department of Education,Rural,2,Girls,1,1,0,1,1,1,1,0,1,1,0,0,0,0,1,1,0,1,1,1,0,1,1,0,0,1,1,0,1,0,0
2015-16,19,West Bengal,1909,BARDDHAMAN,190922,MEMARI-II,5,HSS (VI-XII),1,Department of Education,Rural,3,Co-Ed,9,9,0,6,8,9,9,9,9,9,0,0,0,0,8,7,0,5,7,8,3,9,7,9,9,0,9,0,3,0,0
2015-16,19,West Bengal,1909,BARDDHAMAN,190922,MEMARI-II,1,PS (I-V),1,Department of Education,Rural,1,Boys,1,1,0,0,1,1,1,1,0,1,0,0,0,0,1,0,0,0,1,0,0,1,1,0,0,0,1,0,0,0,0
2015-16,19,West Bengal,1909,BARDDHAMAN,190922,MEMARI-II,1,PS (I-V),1,Department of Education,Rural,2,Girls,1,1,0,0,1,1,1,0,1,1,0,0,0,0,1,1,0,0,1,0,0,1,1,0,0,0,1,0,0,0,0
2015-16,19,West Bengal,1909,BARDDHAMAN,190922,MEMARI-II,1,PS (I-V),1,Department of Education,Rural,3,Co-Ed,124,124,0,5,117,124,79,124,124,124,0,0,0,0,84,17,0,0,110,102,0,124,79,4,72,0,111,0,99,0,0
2015-16,19,West Bengal,1909,BARDDHAMAN,190922,MEMARI-II,1,PS (I-V),5,Private Unaided (Recognized),Rural,3,Co-Ed,8,8,0,3,8,8,8,5,5,5,0,0,0,0,6,2,0,0,1,7,0,6,5,2,7,0,5,0,4,0,0
2015-16,19,West Bengal,1909,BARDDHAMAN,190922,MEMARI-II,1,PS (I-V),8,Unrecognized,Rural,3,Co-Ed,3,3,0,2,2,3,1,3,3,3,0,0,0,0,2,1,0,0,0,3,0,2,0,0,2,0,2,0,2,0,0
2015-16,19,West Bengal,1909,BARDDHAMAN,190922,MEMARI-II,7,SS (VI-X),1,Department of Education,Rural,1,Boys,1,1,0,1,1,1,1,1,0,1,0,0,0,0,1,1,0,0,1,1,0,1,1,0,1,0,1,0,0,0,0
2015-16,19,West Bengal,1909,BARDDHAMAN,190922,MEMARI-II,7,SS (VI-X),1,Department of Education,Rural,2,Girls,2,2,0,1,2,2,2,0,2,2,0,0,0,0,2,2,0,0,2,2,0,2,2,1,2,0,2,0,1,0,0
2015-16,19,West Bengal,1909,BARDDHAMAN,190922,MEMARI-II,7,SS (VI-X),1,Department of Education,Rural,3,Co-Ed,8,8,0,4,8,8,8,8,8,8,0,0,0,0,8,8,0,2,8,7,0,8,7,3,4,0,8,0,2,0,0
2015-16,19,West Bengal,1909,BARDDHAMAN,190922,MEMARI-II,7,SS (VI-X),97,Madarsa recognized (by Wakf board/Madarsa Board) ,Rural,3,Co-Ed,1,1,0,0,1,1,1,1,1,1,0,0,0,0,1,1,0,0,1,1,0,1,1,0,1,0,1,0,1,0,0
2015-16,19,West Bengal,1909,BARDDHAMAN,190922,MEMARI-II,4,UPS (VI-VIII),1,Department of Education,Rural,2,Girls,1,1,0,0,1,1,1,0,1,1,0,0,0,0,1,1,0,0,0,1,0,1,1,0,1,0,1,0,0,0,0
2015-16,19,West Bengal,1909,BARDDHAMAN,190922,MEMARI-II,4,UPS (VI-VIII),1,Department of Education,Rural,3,Co-Ed,9,8,0,0,7,9,3,9,9,9,0,0,0,0,1,1,0,0,4,8,0,9,5,3,5,0,4,0,4,0,0
2015-16,19,West Bengal,1909,BARDDHAMAN,190923,MONGALKOTE,5,HSS (VI-XII),1,Department of Education,Rural,2,Girls,1,1,0,1,1,1,1,0,1,1,0,0,0,0,0,1,0,0,0,1,0,1,1,0,1,0,1,0,0,0,0
2015-16,19,West Bengal,1909,BARDDHAMAN,190923,MONGALKOTE,5,HSS (VI-XII),1,Department of Education,Rural,3,Co-Ed,7,7,0,4,7,7,7,7,7,7,0,0,0,0,5,5,0,2,4,7,3,7,6,7,6,1,7,0,0,0,0
2015-16,19,West Bengal,1909,BARDDHAMAN,190923,MONGALKOTE,5,HSS (VI-XII),97,Madarsa recognized (by Wakf board/Madarsa Board) ,Rural,3,Co-Ed,1,1,0,1,1,1,1,1,1,1,0,0,0,0,0,1,0,0,1,1,0,1,0,1,0,0,1,0,0,0,0
2015-16,19,West Bengal,1909,BARDDHAMAN,190923,MONGALKOTE,1,PS (I-V),1,Department of Education,Rural,3,Co-Ed,215,215,0,4,205,215,98,215,215,215,0,0,0,0,137,28,0,0,174,170,0,215,149,37,112,0,178,0,114,0,0
2015-16,19,West Bengal,1909,BARDDHAMAN,190923,MONGALKOTE,1,PS (I-V),5,Private Unaided (Recognized),Rural,3,Co-Ed,5,5,0,2,5,5,4,2,3,3,0,0,0,0,1,1,0,0,0,4,0,2,2,0,3,0,1,0,2,0,0
2015-16,19,West Bengal,1909,BARDDHAMAN,190923,MONGALKOTE,1,PS (I-V),8,Unrecognized,Rural,3,Co-Ed,2,2,0,1,2,2,1,0,0,0,0,0,0,0,0,0,0,0,0,1,0,1,0,1,0,0,0,0,1,0,0
2015-16,19,West Bengal,1909,BARDDHAMAN,190923,MONGALKOTE,7,SS (VI-X),1,Department of Education,Rural,1,Boys,1,1,0,0,1,1,1,1,1,1,0,0,0,0,0,1,0,0,0,1,0,1,1,1,1,0,1,0,1,0,0
2015-16,19,West Bengal,1909,BARDDHAMAN,190923,MONGALKOTE,7,SS (VI-X),1,Department of Education,Rural,2,Girls,3,3,0,2,3,3,3,0,3,3,0,0,0,0,2,2,0,0,3,3,0,3,3,1,1,0,3,0,0,0,0
2015-16,19,West Bengal,1909,BARDDHAMAN,190923,MONGALKOTE,7,SS (VI-X),1,Department of Education,Rural,3,Co-Ed,16,16,0,7,16,16,14,16,16,16,0,0,0,0,6,15,0,3,11,16,0,16,10,10,14,0,16,0,9,0,0
2015-16,19,West Bengal,1909,BARDDHAMAN,190923,MONGALKOTE,2,UPS (I-VIII),5,Private Unaided (Recognized),Rural,3,Co-Ed,2,2,0,0,2,2,1,1,1,1,0,0,0,0,1,0,0,0,0,1,0,1,1,1,2,0,1,0,1,0,0
2015-16,19,West Bengal,1909,BARDDHAMAN,190923,MONGALKOTE,2,UPS (I-VIII),8,Unrecognized,Rural,3,Co-Ed,1,1,0,0,1,1,0,1,1,1,0,0,0,0,0,0,0,0,0,1,0,0,0,0,0,0,0,0,1,0,0
2015-16,19,West Bengal,1909,BARDDHAMAN,190923,MONGALKOTE,4,UPS (VI-VIII),1,Department of Education,Rural,3,Co-Ed,12,5,0,0,12,12,4,12,12,12,0,0,0,0,1,2,0,0,3,12,0,12,9,1,11,0,10,0,1,0,0
2015-16,19,West Bengal,1909,BARDDHAMAN,190924,MONTESWAR,5,HSS (VI-XII),1,Department of Education,Rural,1,Boys,1,1,0,1,1,1,1,1,1,1,0,0,0,0,1,0,0,1,1,1,0,1,1,1,1,1,1,0,0,0,0
2015-16,19,West Bengal,1909,BARDDHAMAN,190924,MONTESWAR,5,HSS (VI-XII),1,Department of Education,Rural,2,Girls,1,1,0,1,1,1,1,1,1,1,0,0,0,0,1,0,0,1,1,0,1,1,1,1,0,0,1,0,0,0,0
2015-16,19,West Bengal,1909,BARDDHAMAN,190924,MONTESWAR,5,HSS (VI-XII),1,Department of Education,Rural,3,Co-Ed,10,10,0,10,9,10,10,10,10,10,0,0,0,0,6,9,0,6,8,9,1,10,8,6,10,2,10,0,3,0,0
2015-16,19,West Bengal,1909,BARDDHAMAN,190924,MONTESWAR,1,PS (I-V),1,Department of Education,Rural,1,Boys,1,1,0,0,1,1,0,1,0,1,0,0,0,0,0,0,0,0,1,1,0,1,1,0,0,0,1,0,1,0,0
2015-16,19,West Bengal,1909,BARDDHAMAN,190924,MONTESWAR,1,PS (I-V),1,Department of Education,Rural,2,Girls,1,1,0,0,1,1,0,0,1,1,0,0,0,0,0,0,0,0,1,0,0,1,0,0,0,0,1,0,1,0,0
2015-16,19,West Bengal,1909,BARDDHAMAN,190924,MONTESWAR,1,PS (I-V),1,Department of Education,Rural,3,Co-Ed,262,260,0,5,233,262,111,262,262,262,0,0,0,0,167,20,0,0,224,199,0,262,114,19,47,0,185,0,197,0,0
2015-16,19,West Bengal,1909,BARDDHAMAN,190924,MONTESWAR,1,PS (I-V),2,Tribal Welfare Department,Rural,3,Co-Ed,1,1,0,0,1,1,1,1,1,1,0,0,0,0,1,0,0,0,1,1,0,1,1,0,0,0,1,0,1,0,0
2015-16,19,West Bengal,1909,BARDDHAMAN,190924,MONTESWAR,1,PS (I-V),5,Private Unaided (Recognized),Rural,3,Co-Ed,6,6,0,4,5,6,5,6,4,6,0,0,0,0,4,1,0,0,0,5,0,4,3,0,3,0,4,0,3,0,0
2015-16,19,West Bengal,1909,BARDDHAMAN,190924,MONTESWAR,1,PS (I-V),8,Unrecognized,Rural,3,Co-Ed,4,4,0,2,3,4,4,2,2,3,0,0,0,0,1,1,0,0,0,2,0,3,2,1,2,0,2,0,3,0,0
2015-16,19,West Bengal,1909,BARDDHAMAN,190924,MONTESWAR,7,SS (VI-X),1,Department of Education,Rural,2,Girls,4,4,0,1,4,4,4,1,4,4,0,0,0,0,4,2,0,2,2,4,0,4,3,1,2,1,4,0,2,0,0
2015-16,19,West Bengal,1909,BARDDHAMAN,190924,MONTESWAR,7,SS (VI-X),1,Department of Education,Rural,3,Co-Ed,21,21,0,6,21,21,20,21,21,21,0,0,0,0,11,19,0,5,15,19,0,21,15,8,13,2,21,0,8,0,0
2015-16,19,West Bengal,1909,BARDDHAMAN,190924,MONTESWAR,2,UPS (I-VIII),1,Department of Education,Rural,3,Co-Ed,1,1,0,0,0,1,0,1,1,1,0,0,0,0,1,0,0,0,0,1,0,1,0,0,1,0,0,0,0,0,0
2015-16,19,West Bengal,1909,BARDDHAMAN,190924,MONTESWAR,2,UPS (I-VIII),8,Unrecognized,Rural,3,Co-Ed,1,1,0,1,1,1,1,1,1,1,0,0,0,0,1,1,0,1,0,0,1,1,1,1,1,0,0,0,1,0,0
2015-16,19,West Bengal,1909,BARDDHAMAN,190924,MONTESWAR,4,UPS (VI-VIII),1,Department of Education,Rural,3,Co-Ed,12,9,0,1,11,12,2,12,12,12,0,0,0,0,5,0,0,0,7,12,0,12,8,3,8,0,6,0,5,0,0
2015-16,19,West Bengal,1909,BARDDHAMAN,190925,PANDABESWAR,3,HSS (I-XII),5,Private Unaided (Recognized),Rural,3,Co-Ed,1,1,0,0,1,1,1,1,1,1,0,0,0,0,1,1,0,1,0,1,0,1,1,0,0,0,1,0,1,0,0
2015-16,19,West Bengal,1909,BARDDHAMAN,190925,PANDABESWAR,3,HSS (I-XII),8,Unrecognized,Rural,3,Co-Ed,3,3,0,2,0,3,3,0,3,3,0,0,0,0,0,1,0,0,0,0,0,1,0,0,2,0,2,0,3,0,0
2015-16,19,West Bengal,1909,BARDDHAMAN,190925,PANDABESWAR,5,HSS (VI-XII),1,Department of Education,Rural,1,Boys,2,2,0,1,2,2,2,2,2,2,0,0,0,0,0,2,0,1,2,2,0,2,2,1,1,0,2,0,0,0,0
2015-16,19,West Bengal,1909,BARDDHAMAN,190925,PANDABESWAR,5,HSS (VI-XII),1,Department of Education,Rural,2,Girls,1,1,0,1,1,1,1,0,1,1,0,0,0,0,0,1,0,1,1,0,0,1,1,1,0,0,1,0,1,0,0
2015-16,19,West Bengal,1909,BARDDHAMAN,190925,PANDABESWAR,5,HSS (VI-XII),1,Department of Education,Rural,3,Co-Ed,2,2,0,2,2,2,2,2,2,2,0,0,0,0,1,1,0,2,2,2,0,2,2,2,2,0,2,0,1,0,0
2015-16,19,West Bengal,1909,BARDDHAMAN,190925,PANDABESWAR,5,HSS (VI-XII),5,Private Unaided (Recognized),Rural,3,Co-Ed,1,1,0,0,1,1,0,0,1,1,0,0,0,0,0,0,0,0,0,0,0,0,0,0,0,0,0,0,1,0,0
2015-16,19,West Bengal,1909,BARDDHAMAN,190925,PANDABESWAR,1,PS (I-V),1,Department of Education,Rural,3,Co-Ed,70,70,0,1,60,70,54,70,70,70,0,0,0,0,37,26,0,0,55,55,0,70,41,13,24,0,47,0,57,0,0
2015-16,19,West Bengal,1909,BARDDHAMAN,190925,PANDABESWAR,1,PS (I-V),5,Private Unaided (Recognized),Rural,3,Co-Ed,15,15,0,0,10,15,10,1,15,15,0,0,0,0,0,5,0,0,0,3,0,1,0,0,3,0,1,0,10,0,0
2015-16,19,West Bengal,1909,BARDDHAMAN,190925,PANDABESWAR,1,PS (I-V),8,Unrecognized,Rural,3,Co-Ed,6,6,0,0,5,6,5,1,5,5,0,0,0,0,0,0,0,0,0,2,0,1,1,0,3,0,0,0,1,0,0
2015-16,19,West Bengal,1909,BARDDHAMAN,190925,PANDABESWAR,6,SS (I-X),5,Private Unaided (Recognized),Rural,3,Co-Ed,1,1,0,0,1,1,0,0,1,1,0,0,0,0,0,0,0,0,0,0,0,1,0,0,1,0,0,0,1,0,0
2015-16,19,West Bengal,1909,BARDDHAMAN,190925,PANDABESWAR,7,SS (VI-X),1,Department of Education,Rural,3,Co-Ed,1,1,0,1,1,1,1,1,1,1,0,0,0,0,0,0,0,0,1,1,0,1,1,0,0,0,1,0,0,0,0
2015-16,19,West Bengal,1909,BARDDHAMAN,190925,PANDABESWAR,2,UPS (I-VIII),5,Private Unaided (Recognized),Rural,3,Co-Ed,3,3,0,1,2,3,3,0,2,2,0,0,0,0,0,0,0,0,0,2,0,1,1,0,1,0,0,0,1,0,0
2015-16,19,West Bengal,1909,BARDDHAMAN,190925,PANDABESWAR,2,UPS (I-VIII),8,Unrecognized,Rural,3,Co-Ed,10,10,0,2,7,10,9,0,8,8,0,0,0,0,0,3,0,0,0,3,0,2,0,0,6,0,1,0,8,0,0
2015-16,19,West Bengal,1909,BARDDHAMAN,190925,PANDABESWAR,4,UPS (VI-VIII),1,Department of Education,Rural,3,Co-Ed,10,7,0,1,8,10,8,10,10,10,0,0,0,0,3,4,0,0,4,10,0,10,4,1,7,0,9,0,3,0,0
2015-16,19,West Bengal,1909,BARDDHAMAN,190925,PANDABESWAR,4,UPS (VI-VIII),5,Private Unaided (Recognized),Rural,3,Co-Ed,1,1,0,0,1,1,0,1,1,1,0,0,0,0,0,0,0,0,0,1,0,0,0,0,1,0,0,0,0,0,0
2015-16,19,West Bengal,1909,BARDDHAMAN,190926,PURBASTHALI-I,5,HSS (VI-XII),1,Department of Education,Rural,1,Boys,2,2,0,2,2,2,2,2,1,2,0,0,0,0,1,2,0,1,2,2,1,2,1,2,2,0,2,0,2,0,0
2015-16,19,West Bengal,1909,BARDDHAMAN,190926,PURBASTHALI-I,5,HSS (VI-XII),1,Department of Education,Rural,2,Girls,2,2,0,1,2,2,2,0,2,2,0,0,0,0,2,2,0,1,2,2,0,2,1,2,0,0,2,0,1,0,0
2015-16,19,West Bengal,1909,BARDDHAMAN,190926,PURBASTHALI-I,5,HSS (VI-XII),1,Department of Education,Rural,3,Co-Ed,5,5,0,4,5,5,5,5,5,5,0,0,0,0,2,3,0,2,2,5,0,5,3,3,5,1,5,0,4,0,0
2015-16,19,West Bengal,1909,BARDDHAMAN,190926,PURBASTHALI-I,1,PS (I-V),1,Department of Education,Rural,3,Co-Ed,168,168,0,5,153,168,101,168,168,168,0,0,0,0,104,34,0,0,132,144,1,168,79,39,55,0,115,0,61,0,0
2015-16,19,West Bengal,1909,BARDDHAMAN,190926,PURBASTHALI-I,1,PS (I-V),5,Private Unaided (Recognized),Rural,3,Co-Ed,12,12,0,3,12,12,9,10,11,11,0,0,0,0,7,3,0,0,0,10,1,10,3,4,6,0,6,0,7,0,0
2015-16,19,West Bengal,1909,BARDDHAMAN,190926,PURBASTHALI-I,1,PS (I-V),8,Unrecognized,Rural,3,Co-Ed,2,2,0,2,2,2,2,1,1,1,0,0,0,0,2,0,0,0,0,1,0,2,1,1,2,0,1,0,2,0,0
2015-16,19,West Bengal,1909,BARDDHAMAN,190926,PURBASTHALI-I,7,SS (VI-X),1,Department of Education,Rural,2,Girls,2,2,0,0,2,2,2,0,2,2,0,0,0,0,1,2,0,0,2,2,0,2,2,0,0,0,2,0,1,0,0
2015-16,19,West Bengal,1909,BARDDHAMAN,190926,PURBASTHALI-I,7,SS (VI-X),1,Department of Education,Rural,3,Co-Ed,6,6,0,1,6,6,5,6,6,6,0,0,0,0,4,3,0,0,3,6,1,6,4,2,4,0,6,0,3,0,0
2015-16,19,West Bengal,1909,BARDDHAMAN,190926,PURBASTHALI-I,7,SS (VI-X),97,Madarsa recognized (by Wakf board/Madarsa Board) ,Rural,3,Co-Ed,1,1,0,0,1,1,1,1,1,1,0,0,0,0,1,1,0,0,1,1,0,1,1,1,0,1,1,0,1,0,0
2015-16,19,West Bengal,1909,BARDDHAMAN,190926,PURBASTHALI-I,4,UPS (VI-VIII),1,Department of Education,Rural,3,Co-Ed,16,12,0,1,11,16,6,16,16,16,0,0,0,0,8,7,0,0,7,16,0,16,9,4,11,0,14,0,4,0,0
2015-16,19,West Bengal,1909,BARDDHAMAN,190927,PURBASTHALI-II,5,HSS (VI-XII),1,Department of Education,Rural,1,Boys,2,2,0,1,2,2,2,2,2,2,0,0,0,0,0,1,0,1,1,2,1,2,2,1,2,1,2,0,2,0,0
2015-16,19,West Bengal,1909,BARDDHAMAN,190927,PURBASTHALI-II,5,HSS (VI-XII),1,Department of Education,Rural,2,Girls,1,1,0,1,1,1,1,0,1,1,0,0,0,0,1,1,0,1,1,1,0,1,1,0,1,1,1,0,0,0,0
2015-16,19,West Bengal,1909,BARDDHAMAN,190927,PURBASTHALI-II,5,HSS (VI-XII),1,Department of Education,Rural,3,Co-Ed,7,7,0,5,7,7,7,7,7,7,0,0,0,0,5,5,0,2,6,7,0,7,4,6,5,1,7,0,1,0,0
2015-16,19,West Bengal,1909,BARDDHAMAN,190927,PURBASTHALI-II,1,PS (I-V),1,Department of Education,Rural,1,Boys,1,1,0,0,1,1,1,1,0,1,0,0,0,0,1,1,0,0,1,0,0,1,1,0,1,0,1,0,0,0,0
2015-16,19,West Bengal,1909,BARDDHAMAN,190927,PURBASTHALI-II,1,PS (I-V),1,Department of Education,Rural,2,Girls,1,1,0,0,1,1,1,0,1,1,0,0,0,0,1,1,0,0,1,0,0,1,0,0,1,0,1,0,0,0,0
2015-16,19,West Bengal,1909,BARDDHAMAN,190927,PURBASTHALI-II,1,PS (I-V),1,Department of Education,Rural,3,Co-Ed,156,156,0,10,147,156,72,156,156,156,0,0,0,0,104,23,0,1,143,129,0,156,96,17,63,0,124,0,94,0,0
2015-16,19,West Bengal,1909,BARDDHAMAN,190927,PURBASTHALI-II,1,PS (I-V),5,Private Unaided (Recognized),Rural,3,Co-Ed,9,8,0,3,8,9,7,2,5,5,0,0,0,0,6,3,0,0,0,6,0,6,8,0,6,0,9,0,2,0,0
2015-16,19,West Bengal,1909,BARDDHAMAN,190927,PURBASTHALI-II,1,PS (I-V),8,Unrecognized,Rural,3,Co-Ed,2,2,0,0,2,2,0,0,2,2,0,0,0,0,1,1,0,0,0,1,0,2,0,0,1,0,1,0,1,0,0
2015-16,19,West Bengal,1909,BARDDHAMAN,190927,PURBASTHALI-II,7,SS (VI-X),1,Department of Education,Rural,2,Girls,1,1,0,0,1,1,1,0,1,1,0,0,0,0,0,1,0,0,0,1,0,1,1,0,1,0,1,0,1,0,0
2015-16,19,West Bengal,1909,BARDDHAMAN,190927,PURBASTHALI-II,7,SS (VI-X),1,Department of Education,Rural,3,Co-Ed,8,8,0,4,8,8,8,8,8,8,0,0,0,0,5,6,0,2,5,8,0,8,5,4,6,0,8,0,3,0,0
2015-16,19,West Bengal,1909,BARDDHAMAN,190927,PURBASTHALI-II,4,UPS (VI-VIII),1,Department of Education,Rural,3,Co-Ed,13,11,0,1,10,13,5,13,13,13,0,0,0,0,8,3,0,0,4,13,0,13,5,2,8,0,9,0,5,0,0
2015-16,19,West Bengal,1909,BARDDHAMAN,190927,PURBASTHALI-II,4,UPS (VI-VIII),5,Private Unaided (Recognized),Rural,3,Co-Ed,1,1,0,0,1,1,0,1,1,1,0,0,0,0,1,0,0,0,0,1,0,0,1,0,0,0,1,0,0,0,0
2015-16,19,West Bengal,1909,BARDDHAMAN,190928,RAINA-I,5,HSS (VI-XII),1,Department of Education,Rural,1,Boys,2,2,0,2,2,2,2,2,2,2,0,0,0,0,0,1,0,2,1,2,1,2,2,2,2,0,2,0,2,0,0
2015-16,19,West Bengal,1909,BARDDHAMAN,190928,RAINA-I,5,HSS (VI-XII),1,Department of Education,Rural,2,Girls,3,3,0,3,3,3,3,0,3,3,0,0,0,0,3,3,0,3,3,2,0,3,1,1,1,1,3,0,1,0,0
2015-16,19,West Bengal,1909,BARDDHAMAN,190928,RAINA-I,5,HSS (VI-XII),1,Department of Education,Rural,3,Co-Ed,7,7,0,6,7,7,7,7,7,7,0,0,0,0,3,6,0,4,5,7,2,7,5,5,7,0,7,0,2,0,0
2015-16,19,West Bengal,1909,BARDDHAMAN,190928,RAINA-I,1,PS (I-V),1,Department of Education,Rural,3,Co-Ed,145,144,0,0,144,145,87,145,145,145,0,0,0,0,54,26,0,0,139,128,0,145,104,17,31,0,129,0,94,0,0
2015-16,19,West Bengal,1909,BARDDHAMAN,190928,RAINA-I,1,PS (I-V),3,Local body,Rural,3,Co-Ed,1,1,0,0,1,1,0,1,1,1,0,0,0,0,1,1,0,0,0,1,0,1,1,0,0,0,1,0,0,0,0
2015-16,19,West Bengal,1909,BARDDHAMAN,190928,RAINA-I,1,PS (I-V),5,Private Unaided (Recognized),Rural,3,Co-Ed,14,13,0,2,11,14,11,9,11,12,0,0,0,0,4,4,0,0,0,12,0,6,6,1,9,0,4,0,7,0,0
2015-16,19,West Bengal,1909,BARDDHAMAN,190928,RAINA-I,1,PS (I-V),8,Unrecognized,Rural,3,Co-Ed,5,5,0,1,2,5,2,1,2,2,0,0,0,0,0,0,0,0,0,3,0,0,0,0,1,0,0,0,5,0,0
2015-16,19,West Bengal,1909,BARDDHAMAN,190928,RAINA-I,7,SS (VI-X),1,Department of Education,Rural,2,Girls,1,1,0,1,1,1,1,0,1,1,0,0,0,0,1,1,0,0,1,1,0,1,1,1,1,0,1,0,0,0,0
2015-16,19,West Bengal,1909,BARDDHAMAN,190928,RAINA-I,7,SS (VI-X),1,Department of Education,Rural,3,Co-Ed,10,10,0,6,10,10,10,10,10,10,0,0,0,0,2,10,0,2,8,10,0,10,6,3,9,1,10,0,5,0,0
2015-16,19,West Bengal,1909,BARDDHAMAN,190928,RAINA-I,7,SS (VI-X),97,Madarsa recognized (by Wakf board/Madarsa Board) ,Rural,3,Co-Ed,1,1,0,1,1,1,1,1,1,1,0,0,0,0,0,0,0,0,1,1,0,1,0,0,0,0,1,0,0,0,0
2015-16,19,West Bengal,1909,BARDDHAMAN,190928,RAINA-I,4,UPS (VI-VIII),1,Department of Education,Rural,3,Co-Ed,9,9,0,3,8,9,3,9,8,9,0,0,0,0,3,4,0,0,5,9,0,9,5,2,2,0,5,0,4,0,0
2015-16,19,West Bengal,1909,BARDDHAMAN,190929,RAINA-II,5,HSS (VI-XII),1,Department of Education,Rural,1,Boys,1,1,0,1,0,1,1,1,1,1,0,0,0,0,0,0,0,0,0,1,0,1,1,0,1,0,1,0,0,0,0
2015-16,19,West Bengal,1909,BARDDHAMAN,190929,RAINA-II,5,HSS (VI-XII),1,Department of Education,Rural,3,Co-Ed,7,7,0,7,7,7,7,7,7,7,0,0,0,0,5,6,0,4,5,7,4,7,5,5,7,0,7,0,5,0,0
2015-16,19,West Bengal,1909,BARDDHAMAN,190929,RAINA-II,1,PS (I-V),1,Department of Education,Rural,3,Co-Ed,148,148,0,4,135,148,55,148,148,148,0,0,0,0,74,16,0,0,122,138,0,148,77,28,43,0,114,0,112,0,0
2015-16,19,West Bengal,1909,BARDDHAMAN,190929,RAINA-II,1,PS (I-V),5,Private Unaided (Recognized),Rural,3,Co-Ed,2,2,0,1,1,2,2,0,0,0,0,0,0,0,0,0,0,0,0,1,0,1,2,0,0,0,1,0,2,0,0
2015-16,19,West Bengal,1909,BARDDHAMAN,190929,RAINA-II,1,PS (I-V),8,Unrecognized,Rural,3,Co-Ed,10,10,0,1,5,10,5,6,6,7,0,0,0,0,3,1,0,0,0,4,0,1,3,0,2,0,1,0,7,0,0
2015-16,19,West Bengal,1909,BARDDHAMAN,190929,RAINA-II,7,SS (VI-X),1,Department of Education,Rural,2,Girls,2,2,0,2,2,2,2,0,2,2,0,0,0,0,2,1,0,1,2,2,0,2,2,0,1,0,2,0,1,0,0
2015-16,19,West Bengal,1909,BARDDHAMAN,190929,RAINA-II,7,SS (VI-X),1,Department of Education,Rural,3,Co-Ed,16,16,0,9,16,16,16,16,16,16,0,0,0,0,11,13,0,1,13,16,0,16,13,5,15,2,16,0,7,0,0
2015-16,19,West Bengal,1909,BARDDHAMAN,190929,RAINA-II,7,SS (VI-X),97,Madarsa recognized (by Wakf board/Madarsa Board) ,Rural,3,Co-Ed,2,2,0,0,2,2,2,2,2,2,0,0,0,0,2,2,0,1,2,2,0,2,2,1,2,1,2,0,2,0,0
2015-16,19,West Bengal,1909,BARDDHAMAN,190929,RAINA-II,4,UPS (VI-VIII),1,Department of Education,Rural,2,Girls,3,2,0,0,3,3,2,0,3,3,0,0,0,0,1,2,0,0,2,3,0,3,3,1,2,0,3,0,1,0,0
2015-16,19,West Bengal,1909,BARDDHAMAN,190929,RAINA-II,4,UPS (VI-VIII),1,Department of Education,Rural,3,Co-Ed,10,6,0,2,10,10,3,9,9,9,0,0,0,0,3,3,0,0,3,10,0,9,6,1,6,0,9,0,4,0,0
2015-16,19,West Bengal,1909,BARDDHAMAN,190930,RANIGANJ,5,HSS (VI-XII),1,Department of Education,Rural,3,Co-Ed,4,4,0,4,4,4,4,4,4,4,0,0,0,0,0,3,0,2,3,4,0,4,4,2,4,1,4,0,2,0,0
2015-16,19,West Bengal,1909,BARDDHAMAN,190930,RANIGANJ,1,PS (I-V),1,Department of Education,Rural,3,Co-Ed,58,58,0,1,51,58,30,58,58,58,0,0,0,0,38,25,0,0,54,41,0,58,47,12,29,0,46,0,42,0,0
2015-16,19,West Bengal,1909,BARDDHAMAN,190930,RANIGANJ,1,PS (I-V),5,Private Unaided (Recognized),Rural,3,Co-Ed,8,8,0,0,6,8,8,0,0,0,0,0,0,0,0,1,0,0,0,3,0,0,0,0,2,0,0,0,1,0,0
2015-16,19,West Bengal,1909,BARDDHAMAN,190930,RANIGANJ,1,PS (I-V),8,Unrecognized,Rural,3,Co-Ed,6,6,0,1,4,6,5,0,2,2,0,0,0,0,0,0,0,0,0,1,0,1,0,0,1,0,0,0,3,0,0
2015-16,19,West Bengal,1909,BARDDHAMAN,190930,RANIGANJ,7,SS (VI-X),1,Department of Education,Rural,3,Co-Ed,2,2,0,1,2,2,2,2,2,2,0,0,0,0,1,2,0,2,1,2,0,2,2,2,2,0,2,0,1,0,0
2015-16,19,West Bengal,1909,BARDDHAMAN,190930,RANIGANJ,4,UPS (VI-VIII),1,Department of Education,Rural,3,Co-Ed,6,5,0,1,4,6,5,6,6,6,0,0,0,0,2,3,0,0,3,5,0,6,3,0,4,0,5,0,2,0,0
2015-16,19,West Bengal,1909,BARDDHAMAN,190931,SALANPUR,3,HSS (I-XII),5,Private Unaided (Recognized),Rural,3,Co-Ed,3,3,0,2,2,3,3,2,3,3,0,0,0,0,2,2,0,2,0,2,2,2,2,2,3,0,0,0,1,0,0
2015-16,19,West Bengal,1909,BARDDHAMAN,190931,SALANPUR,3,HSS (I-XII),5,Private Unaided (Recognized),Urban,3,Co-Ed,2,2,0,2,2,2,2,2,2,2,0,0,0,0,2,2,0,1,0,2,2,2,2,2,2,1,2,0,1,0,0
2015-16,19,West Bengal,1909,BARDDHAMAN,190931,SALANPUR,3,HSS (I-XII),7,Central Govt,Urban,3,Co-Ed,1,1,0,1,1,1,1,1,1,1,0,0,0,0,1,1,0,0,1,1,1,1,0,1,1,0,1,0,0,0,0
2015-16,19,West Bengal,1909,BARDDHAMAN,190931,SALANPUR,5,HSS (VI-XII),1,Department of Education,Rural,1,Boys,1,1,0,0,1,1,1,1,1,1,0,0,0,0,0,1,0,1,1,1,0,1,0,0,1,0,1,0,1,0,0
2015-16,19,West Bengal,1909,BARDDHAMAN,190931,SALANPUR,5,HSS (VI-XII),1,Department of Education,Rural,2,Girls,1,1,0,0,1,1,1,0,1,1,0,0,0,0,0,1,0,0,0,1,0,1,1,0,1,0,1,0,0,0,0
2015-16,19,West Bengal,1909,BARDDHAMAN,190931,SALANPUR,5,HSS (VI-XII),5,Private Unaided (Recognized),Urban,2,Girls,1,1,0,0,0,1,0,1,1,1,0,0,0,0,0,0,0,1,0,1,0,1,1,0,1,1,1,0,1,0,0
2015-16,19,West Bengal,1909,BARDDHAMAN,190931,SALANPUR,5,HSS (VI-XII),7,Central Govt,Urban,2,Girls,1,1,0,0,1,1,1,1,1,1,0,0,0,0,1,1,0,1,0,1,1,1,1,1,1,0,1,0,1,0,0
2015-16,19,West Bengal,1909,BARDDHAMAN,190931,SALANPUR,5,HSS (VI-XII),1,Department of Education,Rural,3,Co-Ed,1,1,0,1,1,1,1,1,1,1,0,0,0,0,0,0,0,0,1,1,0,1,1,1,1,0,1,0,0,0,0
2015-16,19,West Bengal,1909,BARDDHAMAN,190931,SALANPUR,5,HSS (VI-XII),7,Central Govt,Rural,3,Co-Ed,1,1,0,1,1,1,1,1,1,1,0,0,0,0,1,0,0,0,1,0,1,1,0,1,1,0,0,0,0,0,0
2015-16,19,West Bengal,1909,BARDDHAMAN,190931,SALANPUR,5,HSS (VI-XII),7,Central Govt,Urban,3,Co-Ed,1,1,0,1,1,1,1,1,1,1,0,0,0,0,1,1,0,1,0,1,0,1,0,0,1,0,1,0,1,0,0
2015-16,19,West Bengal,1909,BARDDHAMAN,190931,SALANPUR,1,PS (I-V),1,Department of Education,Rural,1,Boys,1,1,0,0,1,1,1,1,0,1,0,0,0,0,1,0,0,0,1,1,0,1,1,0,0,0,1,0,0,0,0
2015-16,19,West Bengal,1909,BARDDHAMAN,190931,SALANPUR,1,PS (I-V),1,Department of Education,Rural,2,Girls,1,1,0,1,1,1,1,0,1,1,0,0,0,0,1,0,0,0,1,0,0,1,1,0,0,0,1,0,1,0,0
2015-16,19,West Bengal,1909,BARDDHAMAN,190931,SALANPUR,1,PS (I-V),1,Department of Education,Rural,3,Co-Ed,93,93,0,5,79,93,51,93,93,93,0,0,0,0,49,22,0,0,71,70,0,93,62,10,41,0,72,0,58,0,0
2015-16,19,West Bengal,1909,BARDDHAMAN,190931,SALANPUR,1,PS (I-V),5,Private Unaided (Recognized),Rural,3,Co-Ed,18,18,0,5,18,18,16,3,17,17,0,0,0,0,6,6,0,1,1,12,0,3,2,2,9,0,6,0,11,0,0
2015-16,19,West Bengal,1909,BARDDHAMAN,190931,SALANPUR,1,PS (I-V),8,Unrecognized,Rural,3,Co-Ed,4,4,0,0,3,4,4,2,3,3,0,0,0,0,3,1,0,0,0,2,0,3,3,1,3,0,2,0,2,0,0
2015-16,19,West Bengal,1909,BARDDHAMAN,190931,SALANPUR,1,PS (I-V),5,Private Unaided (Recognized),Urban,3,Co-Ed,3,3,0,0,2,3,3,2,2,3,0,0,0,0,2,2,0,0,0,3,0,3,3,0,2,0,3,0,2,0,0
2015-16,19,West Bengal,1909,BARDDHAMAN,190931,SALANPUR,1,PS (I-V),7,Central Govt,Urban,3,Co-Ed,1,1,0,0,1,1,1,0,1,1,0,0,0,0,1,1,0,0,0,1,0,1,1,1,1,0,1,0,1,0,0
2015-16,19,West Bengal,1909,BARDDHAMAN,190931,SALANPUR,6,SS (I-X),5,Private Unaided (Recognized),Urban,3,Co-Ed,1,1,0,1,1,1,1,1,1,1,0,0,0,0,1,1,0,1,0,1,1,1,0,1,1,1,0,0,0,0,0
2015-16,19,West Bengal,1909,BARDDHAMAN,190931,SALANPUR,7,SS (VI-X),1,Department of Education,Rural,1,Boys,1,1,0,0,1,1,0,1,0,1,0,0,0,0,1,1,0,0,0,1,0,1,1,0,0,0,1,0,1,0,0
2015-16,19,West Bengal,1909,BARDDHAMAN,190931,SALANPUR,7,SS (VI-X),7,Central Govt,Urban,1,Boys,1,1,0,1,1,1,1,0,0,0,0,0,0,0,1,1,0,1,0,1,1,1,0,1,1,0,1,0,1,0,0
2015-16,19,West Bengal,1909,BARDDHAMAN,190931,SALANPUR,7,SS (VI-X),1,Department of Education,Rural,2,Girls,2,2,0,1,2,2,2,0,2,2,0,0,0,0,1,0,0,1,1,0,0,2,1,1,2,1,2,0,2,0,0
2015-16,19,West Bengal,1909,BARDDHAMAN,190931,SALANPUR,7,SS (VI-X),1,Department of Education,Rural,3,Co-Ed,3,3,0,3,3,3,3,3,3,3,0,0,0,0,1,2,0,1,1,3,0,3,1,1,3,0,3,0,1,0,0
2015-16,19,West Bengal,1909,BARDDHAMAN,190931,SALANPUR,2,UPS (I-VIII),5,Private Unaided (Recognized),Urban,2,Girls,1,1,0,1,1,1,1,1,1,1,0,0,0,0,1,1,0,1,0,1,0,1,0,0,1,0,1,0,1,0,0
2015-16,19,West Bengal,1909,BARDDHAMAN,190931,SALANPUR,4,UPS (VI-VIII),1,Department of Education,Rural,3,Co-Ed,9,9,0,2,7,9,4,9,9,9,0,0,0,0,1,3,0,0,5,9,0,9,4,0,7,0,4,0,4,0,0
2015-16,19,West Bengal,1909,BARDDHAMAN,190931,SALANPUR,4,UPS (VI-VIII),5,Private Unaided (Recognized),Rural,3,Co-Ed,1,1,0,1,1,1,1,1,0,1,0,0,0,0,1,0,0,0,0,1,0,1,0,0,1,0,1,0,0,0,0
2015-16,19,West Bengal,1909,BARDDHAMAN,190932,ASANSOL MUNICIPAL CORPORATION,3,HSS (I-XII),5,Private Unaided (Recognized),Urban,2,Girls,1,1,0,1,1,1,1,0,1,1,0,0,0,0,0,1,0,1,0,0,1,1,0,1,1,0,0,0,1,0,0
2015-16,19,West Bengal,1909,BARDDHAMAN,190932,ASANSOL MUNICIPAL CORPORATION,3,HSS (I-XII),5,Private Unaided (Recognized),Urban,3,Co-Ed,4,4,0,3,4,4,4,4,4,4,0,0,0,0,4,4,0,4,0,3,4,4,2,4,4,1,1,0,4,0,0
2015-16,19,West Bengal,1909,BARDDHAMAN,190932,ASANSOL MUNICIPAL CORPORATION,3,HSS (I-XII),7,Central Govt,Urban,3,Co-Ed,2,2,0,2,2,2,2,2,2,2,0,0,0,0,1,1,0,0,1,1,0,2,2,1,2,0,1,0,1,0,0
2015-16,19,West Bengal,1909,BARDDHAMAN,190932,ASANSOL MUNICIPAL CORPORATION,3,HSS (I-XII),8,Unrecognized,Urban,3,Co-Ed,1,1,0,0,1,1,1,0,1,1,0,0,0,0,0,0,0,0,0,0,0,1,0,0,1,0,0,0,1,0,0
2015-16,19,West Bengal,1909,BARDDHAMAN,190932,ASANSOL MUNICIPAL CORPORATION,3,HSS (I-XII),98,Madarsa unrecognized,Urban,3,Co-Ed,2,2,0,0,2,2,1,0,2,2,0,0,0,0,0,1,0,0,0,0,0,0,0,0,1,0,0,0,1,0,0
2015-16,19,West Bengal,1909,BARDDHAMAN,190932,ASANSOL MUNICIPAL CORPORATION,5,HSS (VI-XII),1,Department of Education,Urban,1,Boys,12,12,0,11,11,12,12,12,6,12,0,0,0,0,4,11,0,10,8,9,2,12,4,7,5,0,12,0,7,0,0
2015-16,19,West Bengal,1909,BARDDHAMAN,190932,ASANSOL MUNICIPAL CORPORATION,5,HSS (VI-XII),4,Government Aided,Urban,1,Boys,1,1,0,0,1,1,1,1,1,1,0,0,0,0,0,0,0,0,0,0,0,1,1,0,1,0,1,0,1,0,0
2015-16,19,West Bengal,1909,BARDDHAMAN,190932,ASANSOL MUNICIPAL CORPORATION,5,HSS (VI-XII),1,Department of Education,Urban,2,Girls,8,8,0,6,8,8,8,2,8,8,0,0,0,0,2,8,0,4,3,5,3,8,2,3,6,0,8,0,6,0,0
2015-16,19,West Bengal,1909,BARDDHAMAN,190932,ASANSOL MUNICIPAL CORPORATION,5,HSS (VI-XII),7,Central Govt,Urban,2,Girls,1,1,0,1,1,1,1,0,1,1,0,0,0,0,0,1,0,1,0,0,0,1,1,1,1,0,1,0,1,0,0
2015-16,19,West Bengal,1909,BARDDHAMAN,190932,ASANSOL MUNICIPAL CORPORATION,5,HSS (VI-XII),1,Department of Education,Urban,3,Co-Ed,8,8,0,5,7,8,8,8,8,8,0,0,0,0,5,5,0,7,5,8,2,8,5,7,7,0,8,0,4,0,0
2015-16,19,West Bengal,1909,BARDDHAMAN,190932,ASANSOL MUNICIPAL CORPORATION,5,HSS (VI-XII),4,Government Aided,Urban,3,Co-Ed,1,1,0,0,1,1,1,1,1,1,0,0,0,0,0,0,0,0,0,0,0,1,0,1,1,0,1,0,1,0,0
2015-16,19,West Bengal,1909,BARDDHAMAN,190932,ASANSOL MUNICIPAL CORPORATION,5,HSS (VI-XII),5,Private Unaided (Recognized),Urban,3,Co-Ed,1,1,0,1,1,1,1,0,1,1,0,0,0,0,0,1,0,0,0,0,0,1,0,0,1,0,0,0,1,0,0
2015-16,19,West Bengal,1909,BARDDHAMAN,190932,ASANSOL MUNICIPAL CORPORATION,1,PS (I-V),1,Department of Education,Urban,1,Boys,3,3,0,2,3,3,3,3,2,3,0,0,0,0,2,1,0,0,1,1,0,3,1,0,2,0,3,0,3,0,0
2015-16,19,West Bengal,1909,BARDDHAMAN,190932,ASANSOL MUNICIPAL CORPORATION,1,PS (I-V),98,Madarsa unrecognized,Urban,1,Boys,2,2,0,0,2,2,2,0,2,2,0,0,0,0,0,0,0,0,0,2,0,2,1,0,0,0,0,0,0,0,0
2015-16,19,West Bengal,1909,BARDDHAMAN,190932,ASANSOL MUNICIPAL CORPORATION,1,PS (I-V),1,Department of Education,Urban,2,Girls,5,5,0,1,4,5,5,3,5,5,0,0,0,0,2,3,0,0,2,3,0,5,3,0,5,0,5,0,5,0,0
2015-16,19,West Bengal,1909,BARDDHAMAN,190932,ASANSOL MUNICIPAL CORPORATION,1,PS (I-V),1,Department of Education,Urban,3,Co-Ed,179,179,0,3,154,179,133,179,179,179,0,0,0,0,93,58,0,0,116,92,0,179,38,5,59,0,178,0,82,0,0
2015-16,19,West Bengal,1909,BARDDHAMAN,190932,ASANSOL MUNICIPAL CORPORATION,1,PS (I-V),5,Private Unaided (Recognized),Urban,3,Co-Ed,38,38,0,7,25,38,36,8,30,30,0,0,0,0,2,7,0,0,0,15,0,2,5,2,12,0,5,0,17,0,0
2015-16,19,West Bengal,1909,BARDDHAMAN,190932,ASANSOL MUNICIPAL CORPORATION,1,PS (I-V),8,Unrecognized,Urban,3,Co-Ed,17,17,0,3,8,17,14,3,15,15,0,0,0,0,2,3,0,0,1,6,0,5,5,2,6,0,4,0,5,0,0
2015-16,19,West Bengal,1909,BARDDHAMAN,190932,ASANSOL MUNICIPAL CORPORATION,1,PS (I-V),98,Madarsa unrecognized,Urban,3,Co-Ed,5,5,0,1,3,5,5,1,4,4,0,0,0,0,0,0,0,0,0,1,0,0,0,0,0,0,0,0,3,0,0
2015-16,19,West Bengal,1909,BARDDHAMAN,190932,ASANSOL MUNICIPAL CORPORATION,6,SS (I-X),5,Private Unaided (Recognized),Urban,3,Co-Ed,10,10,0,5,6,10,9,4,9,9,0,0,0,0,1,6,0,1,0,4,0,4,0,1,2,0,0,0,8,0,0
2015-16,19,West Bengal,1909,BARDDHAMAN,190932,ASANSOL MUNICIPAL CORPORATION,6,SS (I-X),8,Unrecognized,Urban,3,Co-Ed,1,1,0,0,0,1,1,0,1,1,0,0,0,0,0,0,0,0,0,0,0,0,0,0,0,0,0,0,1,0,0
2015-16,19,West Bengal,1909,BARDDHAMAN,190932,ASANSOL MUNICIPAL CORPORATION,7,SS (VI-X),1,Department of Education,Urban,1,Boys,4,4,0,2,3,4,4,4,2,4,0,0,0,0,1,4,0,3,0,2,0,4,0,2,3,0,4,0,2,0,0
2015-16,19,West Bengal,1909,BARDDHAMAN,190932,ASANSOL MUNICIPAL CORPORATION,7,SS (VI-X),8,Unrecognized,Urban,1,Boys,1,1,0,0,1,1,1,1,0,1,0,0,0,0,0,1,0,0,0,1,0,1,0,1,1,0,0,0,1,0,0
2015-16,19,West Bengal,1909,BARDDHAMAN,190932,ASANSOL MUNICIPAL CORPORATION,7,SS (VI-X),1,Department of Education,Urban,2,Girls,7,7,0,5,7,7,7,4,7,7,0,0,0,0,5,5,0,2,4,4,0,7,2,3,4,0,7,0,5,0,0
2015-16,19,West Bengal,1909,BARDDHAMAN,190932,ASANSOL MUNICIPAL CORPORATION,7,SS (VI-X),1,Department of Education,Urban,3,Co-Ed,12,12,0,5,10,12,12,12,12,12,0,0,0,0,6,8,0,5,7,12,0,12,3,4,7,1,12,0,4,0,0
2015-16,19,West Bengal,1909,BARDDHAMAN,190932,ASANSOL MUNICIPAL CORPORATION,2,UPS (I-VIII),1,Department of Education,Urban,3,Co-Ed,1,1,0,0,0,1,1,1,1,1,0,0,0,0,0,1,0,0,0,1,0,1,0,0,0,0,0,0,0,0,0
2015-16,19,West Bengal,1909,BARDDHAMAN,190932,ASANSOL MUNICIPAL CORPORATION,2,UPS (I-VIII),5,Private Unaided (Recognized),Urban,3,Co-Ed,12,12,0,6,11,12,12,6,11,12,0,0,0,0,3,4,0,0,0,6,0,2,6,2,2,0,1,0,6,0,0
2015-16,19,West Bengal,1909,BARDDHAMAN,190932,ASANSOL MUNICIPAL CORPORATION,2,UPS (I-VIII),8,Unrecognized,Urban,3,Co-Ed,4,4,0,4,3,4,4,1,4,4,0,0,0,0,1,3,0,0,0,0,0,0,4,0,4,0,0,0,3,0,0
2015-16,19,West Bengal,1909,BARDDHAMAN,190932,ASANSOL MUNICIPAL CORPORATION,2,UPS (I-VIII),98,Madarsa unrecognized,Urban,3,Co-Ed,2,2,0,1,1,2,1,2,1,2,0,0,0,0,0,1,0,0,0,1,0,0,0,0,0,0,0,0,0,0,0
2015-16,19,West Bengal,1909,BARDDHAMAN,190932,ASANSOL MUNICIPAL CORPORATION,4,UPS (VI-VIII),1,Department of Education,Urban,2,Girls,2,2,0,1,2,2,2,0,2,2,0,0,0,0,0,1,0,1,2,0,0,2,0,1,2,0,2,0,1,0,0
2015-16,19,West Bengal,1909,BARDDHAMAN,190932,ASANSOL MUNICIPAL CORPORATION,4,UPS (VI-VIII),1,Department of Education,Rural,3,Co-Ed,5,1,0,0,5,5,0,5,5,5,0,0,0,0,0,0,0,0,1,5,0,5,5,0,5,0,5,0,0,0,0
2015-16,19,West Bengal,1909,BARDDHAMAN,190932,ASANSOL MUNICIPAL CORPORATION,4,UPS (VI-VIII),1,Department of Education,Urban,3,Co-Ed,2,2,0,1,1,2,1,2,2,2,0,0,0,0,0,0,0,0,0,1,0,2,0,0,0,0,1,0,0,0,0
2015-16,19,West Bengal,1909,BARDDHAMAN,190932,ASANSOL MUNICIPAL CORPORATION,4,UPS (VI-VIII),98,Madarsa unrecognized,Urban,3,Co-Ed,1,1,0,1,1,1,1,1,1,1,0,0,0,0,0,0,0,0,0,0,0,1,1,0,0,0,0,0,1,0,0
2015-16,19,West Bengal,1909,BARDDHAMAN,190933,BURDWAN MUNICIPALITY,3,HSS (I-XII),5,Private Unaided (Recognized),Urban,3,Co-Ed,2,2,0,2,2,2,2,2,2,2,0,0,0,0,0,2,0,1,0,2,0,2,0,2,2,0,1,0,1,0,0
2015-16,19,West Bengal,1909,BARDDHAMAN,190933,BURDWAN MUNICIPALITY,3,HSS (I-XII),7,Central Govt,Urban,3,Co-Ed,1,1,0,1,1,1,1,1,1,1,0,0,0,0,1,1,0,1,0,1,0,1,1,1,1,0,0,0,1,0,0
2015-16,19,West Bengal,1909,BARDDHAMAN,190933,BURDWAN MUNICIPALITY,5,HSS (VI-XII),1,Department of Education,Urban,1,Boys,8,8,0,7,8,8,8,8,7,8,0,0,0,0,2,6,0,6,4,7,4,8,2,7,6,0,8,0,5,0,0
2015-16,19,West Bengal,1909,BARDDHAMAN,190933,BURDWAN MUNICIPALITY,5,HSS (VI-XII),1,Department of Education,Urban,2,Girls,7,7,0,6,7,7,7,3,7,7,0,0,0,0,4,5,0,4,2,5,4,7,2,6,5,0,7,0,3,0,0
2015-16,19,West Bengal,1909,BARDDHAMAN,190933,BURDWAN MUNICIPALITY,5,HSS (VI-XII),1,Department of Education,Urban,3,Co-Ed,8,8,0,8,8,8,8,8,8,8,0,0,0,0,5,4,0,5,4,6,0,8,3,7,5,0,8,0,5,0,0
2015-16,19,West Bengal,1909,BARDDHAMAN,190933,BURDWAN MUNICIPALITY,1,PS (I-V),1,Department of Education,Urban,1,Boys,3,2,0,1,3,3,3,3,1,3,0,0,0,0,2,3,0,0,2,2,0,3,1,0,1,0,3,0,2,0,0
2015-16,19,West Bengal,1909,BARDDHAMAN,190933,BURDWAN MUNICIPALITY,1,PS (I-V),1,Department of Education,Urban,2,Girls,5,5,0,0,5,5,5,1,5,5,0,0,0,0,3,4,0,0,0,1,0,5,3,1,3,0,5,0,3,0,0
2015-16,19,West Bengal,1909,BARDDHAMAN,190933,BURDWAN MUNICIPALITY,1,PS (I-V),1,Department of Education,Urban,3,Co-Ed,84,84,0,5,75,84,79,84,84,84,0,0,0,0,53,27,0,0,54,46,0,84,38,12,33,0,83,0,23,0,0
2015-16,19,West Bengal,1909,BARDDHAMAN,190933,BURDWAN MUNICIPALITY,1,PS (I-V),3,Local body,Urban,3,Co-Ed,4,4,0,0,3,4,4,4,4,4,0,0,0,0,2,1,0,0,2,3,0,4,2,0,1,0,4,0,1,0,0
2015-16,19,West Bengal,1909,BARDDHAMAN,190933,BURDWAN MUNICIPALITY,1,PS (I-V),5,Private Unaided (Recognized),Urban,3,Co-Ed,17,17,0,6,16,17,16,7,10,10,0,0,0,0,1,1,0,0,1,8,0,6,3,2,8,0,2,0,8,0,0
2015-16,19,West Bengal,1909,BARDDHAMAN,190933,BURDWAN MUNICIPALITY,1,PS (I-V),8,Unrecognized,Urban,3,Co-Ed,3,3,0,1,1,3,2,1,1,1,0,0,0,0,0,1,0,0,0,1,0,2,0,0,1,0,0,0,3,0,0
2015-16,19,West Bengal,1909,BARDDHAMAN,190933,BURDWAN MUNICIPALITY,6,SS (I-X),8,Unrecognized,Urban,3,Co-Ed,1,1,0,1,1,1,1,0,1,1,0,0,0,0,0,1,0,0,0,1,0,1,1,0,0,0,0,0,1,0,0
2015-16,19,West Bengal,1909,BARDDHAMAN,190933,BURDWAN MUNICIPALITY,7,SS (VI-X),1,Department of Education,Urban,1,Boys,2,2,0,0,2,2,2,2,0,2,0,0,0,0,1,0,0,0,1,1,0,2,0,1,1,0,2,0,0,0,0
2015-16,19,West Bengal,1909,BARDDHAMAN,190933,BURDWAN MUNICIPALITY,7,SS (VI-X),1,Department of Education,Urban,2,Girls,6,6,0,4,6,6,6,4,6,6,0,0,0,0,4,4,0,3,2,6,0,6,3,3,5,1,6,0,4,0,0
2015-16,19,West Bengal,1909,BARDDHAMAN,190933,BURDWAN MUNICIPALITY,7,SS (VI-X),1,Department of Education,Urban,3,Co-Ed,3,3,0,2,3,3,3,3,3,3,0,0,0,0,1,3,0,1,3,3,0,3,2,1,1,0,3,0,1,0,0
2015-16,19,West Bengal,1909,BARDDHAMAN,190933,BURDWAN MUNICIPALITY,2,UPS (I-VIII),8,Unrecognized,Urban,1,Boys,1,1,0,0,1,1,1,1,0,1,0,0,0,0,0,0,0,0,0,0,0,0,1,0,1,0,1,0,1,0,0
2015-16,19,West Bengal,1909,BARDDHAMAN,190933,BURDWAN MUNICIPALITY,2,UPS (I-VIII),98,Madarsa unrecognized,Urban,1,Boys,1,1,0,1,1,1,1,1,0,1,0,0,0,0,1,0,0,0,0,1,0,1,0,0,1,0,0,0,0,0,0
2015-16,19,West Bengal,1909,BARDDHAMAN,190933,BURDWAN MUNICIPALITY,2,UPS (I-VIII),2,Tribal Welfare Department,Urban,3,Co-Ed,1,1,0,0,1,1,1,1,1,1,0,0,0,0,1,1,0,0,0,1,0,1,1,0,1,0,0,0,0,0,0
2015-16,19,West Bengal,1909,BARDDHAMAN,190933,BURDWAN MUNICIPALITY,2,UPS (I-VIII),5,Private Unaided (Recognized),Urban,3,Co-Ed,1,1,0,1,1,1,1,0,0,0,0,0,0,0,1,0,0,0,0,1,0,1,0,0,0,0,0,0,1,0,0
2015-16,19,West Bengal,1909,BARDDHAMAN,190933,BURDWAN MUNICIPALITY,4,UPS (VI-VIII),1,Department of Education,Urban,1,Boys,1,1,0,1,1,1,1,1,0,1,0,0,0,0,0,0,0,0,0,0,0,1,0,0,0,0,1,0,1,0,0
2015-16,19,West Bengal,1909,BARDDHAMAN,190933,BURDWAN MUNICIPALITY,4,UPS (VI-VIII),1,Department of Education,Urban,2,Girls,1,1,0,0,1,1,1,0,1,1,0,0,0,0,0,0,0,0,1,1,0,0,0,0,0,0,0,0,0,0,0
2015-16,19,West Bengal,1909,BARDDHAMAN,190933,BURDWAN MUNICIPALITY,4,UPS (VI-VIII),5,Private Unaided (Recognized),Urban,2,Girls,1,1,0,0,0,1,1,0,0,0,0,0,0,0,0,0,0,0,0,0,0,0,0,0,1,0,0,0,0,0,0
2015-16,19,West Bengal,1909,BARDDHAMAN,190933,BURDWAN MUNICIPALITY,4,UPS (VI-VIII),8,Unrecognized,Urban,3,Co-Ed,1,1,0,0,1,1,1,0,1,1,0,0,0,0,0,0,0,0,0,1,0,1,0,0,1,0,0,0,1,0,0
2015-16,19,West Bengal,1909,BARDDHAMAN,190934,DAINHAT MUNICIPALITY,5,HSS (VI-XII),1,Department of Education,Urban,2,Girls,1,1,0,0,1,1,1,0,1,1,0,0,0,0,0,1,0,1,1,1,0,1,1,0,1,0,1,0,0,0,0
2015-16,19,West Bengal,1909,BARDDHAMAN,190934,DAINHAT MUNICIPALITY,5,HSS (VI-XII),1,Department of Education,Urban,3,Co-Ed,1,1,0,1,1,1,1,1,1,1,0,0,0,0,0,1,0,1,0,1,1,1,0,1,1,0,1,0,1,0,0
2015-16,19,West Bengal,1909,BARDDHAMAN,190934,DAINHAT MUNICIPALITY,1,PS (I-V),1,Department of Education,Urban,3,Co-Ed,20,20,0,2,19,20,20,20,20,20,0,0,0,0,8,10,0,0,17,9,0,20,12,1,8,0,20,0,7,0,0
2015-16,19,West Bengal,1909,BARDDHAMAN,190934,DAINHAT MUNICIPALITY,1,PS (I-V),5,Private Unaided (Recognized),Urban,3,Co-Ed,2,2,0,1,2,2,2,1,1,1,0,0,0,0,1,0,0,0,0,1,0,1,0,0,1,0,1,0,0,0,0
2015-16,19,West Bengal,1909,BARDDHAMAN,190934,DAINHAT MUNICIPALITY,7,SS (VI-X),1,Department of Education,Urban,3,Co-Ed,1,1,0,1,1,1,1,1,1,1,0,0,0,0,1,0,0,0,1,1,0,1,0,0,1,1,1,0,0,0,0
2015-16,19,West Bengal,1909,BARDDHAMAN,190934,DAINHAT MUNICIPALITY,4,UPS (VI-VIII),1,Department of Education,Urban,3,Co-Ed,1,1,0,0,1,1,1,1,1,1,0,0,0,0,0,1,0,0,0,0,0,1,0,0,0,0,1,0,0,0,0
2015-16,19,West Bengal,1909,BARDDHAMAN,190935,DURGAPUR MUNICIPAL CORPORATION,3,HSS (I-XII),4,Government Aided,Urban,3,Co-Ed,2,2,0,2,2,2,2,2,2,2,0,0,0,0,0,0,0,0,0,0,0,2,2,0,2,0,2,0,2,0,0
2015-16,19,West Bengal,1909,BARDDHAMAN,190935,DURGAPUR MUNICIPAL CORPORATION,3,HSS (I-XII),5,Private Unaided (Recognized),Urban,3,Co-Ed,5,5,0,3,5,5,5,2,4,4,0,0,0,0,1,3,0,1,0,2,1,2,1,2,4,0,2,0,2,0,0
2015-16,19,West Bengal,1909,BARDDHAMAN,190935,DURGAPUR MUNICIPAL CORPORATION,3,HSS (I-XII),7,Central Govt,Urban,3,Co-Ed,1,1,0,1,1,1,1,1,1,1,0,0,0,0,1,1,0,1,0,0,1,1,1,1,0,0,1,0,1,0,0
2015-16,19,West Bengal,1909,BARDDHAMAN,190935,DURGAPUR MUNICIPAL CORPORATION,5,HSS (VI-XII),1,Department of Education,Urban,1,Boys,5,5,0,4,5,5,5,5,3,5,0,0,0,0,0,2,0,0,3,4,1,5,1,4,4,0,5,0,1,0,0
2015-16,19,West Bengal,1909,BARDDHAMAN,190935,DURGAPUR MUNICIPAL CORPORATION,5,HSS (VI-XII),4,Government Aided,Urban,1,Boys,2,2,0,2,2,2,2,0,0,0,0,0,0,0,0,0,0,0,0,0,0,2,1,0,2,0,2,0,2,0,0
2015-16,19,West Bengal,1909,BARDDHAMAN,190935,DURGAPUR MUNICIPAL CORPORATION,5,HSS (VI-XII),1,Department of Education,Urban,2,Girls,3,3,0,2,3,3,3,0,3,3,0,0,0,0,2,2,0,1,3,3,0,3,0,2,2,0,3,0,2,0,0
2015-16,19,West Bengal,1909,BARDDHAMAN,190935,DURGAPUR MUNICIPAL CORPORATION,5,HSS (VI-XII),4,Government Aided,Urban,2,Girls,2,2,0,2,2,2,2,0,2,2,0,0,0,0,0,1,0,0,0,1,0,2,1,0,1,0,2,0,1,0,0
2015-16,19,West Bengal,1909,BARDDHAMAN,190935,DURGAPUR MUNICIPAL CORPORATION,5,HSS (VI-XII),5,Private Unaided (Recognized),Urban,2,Girls,1,1,0,1,1,1,1,0,1,1,0,0,0,0,1,1,0,0,0,1,1,1,1,0,1,0,1,0,1,0,0
2015-16,19,West Bengal,1909,BARDDHAMAN,190935,DURGAPUR MUNICIPAL CORPORATION,5,HSS (VI-XII),1,Department of Education,Urban,3,Co-Ed,14,14,0,12,14,14,14,14,14,14,0,0,0,0,4,9,0,7,7,8,0,14,7,8,9,0,14,0,4,0,0
2015-16,19,West Bengal,1909,BARDDHAMAN,190935,DURGAPUR MUNICIPAL CORPORATION,5,HSS (VI-XII),4,Government Aided,Urban,3,Co-Ed,2,2,0,2,2,2,2,2,2,2,0,0,0,0,1,1,0,1,0,1,0,2,2,1,2,0,2,0,1,0,0
2015-16,19,West Bengal,1909,BARDDHAMAN,190935,DURGAPUR MUNICIPAL CORPORATION,5,HSS (VI-XII),7,Central Govt,Urban,3,Co-Ed,1,1,0,1,1,1,1,1,1,1,0,0,0,0,1,1,0,1,0,1,1,1,1,1,1,0,1,0,1,0,0
2015-16,19,West Bengal,1909,BARDDHAMAN,190935,DURGAPUR MUNICIPAL CORPORATION,1,PS (I-V),1,Department of Education,Urban,3,Co-Ed,103,103,0,4,99,103,97,103,103,103,0,0,0,0,39,50,0,0,81,54,0,103,25,0,41,0,103,0,48,0,0
2015-16,19,West Bengal,1909,BARDDHAMAN,190935,DURGAPUR MUNICIPAL CORPORATION,1,PS (I-V),3,Local body,Urban,3,Co-Ed,1,1,0,0,1,1,1,1,1,1,0,0,0,0,1,1,0,0,1,1,0,1,0,0,0,0,1,0,1,0,0
2015-16,19,West Bengal,1909,BARDDHAMAN,190935,DURGAPUR MUNICIPAL CORPORATION,1,PS (I-V),4,Government Aided,Urban,3,Co-Ed,4,4,0,4,4,4,4,4,4,4,0,0,0,0,0,0,0,0,0,0,0,4,1,0,4,0,4,0,4,0,0
2015-16,19,West Bengal,1909,BARDDHAMAN,190935,DURGAPUR MUNICIPAL CORPORATION,1,PS (I-V),5,Private Unaided (Recognized),Urban,3,Co-Ed,12,12,0,3,10,12,12,0,10,10,0,0,0,0,0,0,0,0,0,5,0,0,1,0,3,0,0,0,7,0,0
2015-16,19,West Bengal,1909,BARDDHAMAN,190935,DURGAPUR MUNICIPAL CORPORATION,1,PS (I-V),8,Unrecognized,Urban,3,Co-Ed,12,12,0,3,11,12,12,0,10,10,0,0,0,0,0,3,0,0,0,6,0,1,0,0,3,0,0,0,10,0,0
2015-16,19,West Bengal,1909,BARDDHAMAN,190935,DURGAPUR MUNICIPAL CORPORATION,1,PS (I-V),98,Madarsa unrecognized,Urban,3,Co-Ed,2,2,0,0,2,2,2,0,1,1,0,0,0,0,0,0,0,0,0,1,0,0,0,0,0,0,0,0,1,0,0
2015-16,19,West Bengal,1909,BARDDHAMAN,190935,DURGAPUR MUNICIPAL CORPORATION,6,SS (I-X),5,Private Unaided (Recognized),Urban,1,Boys,1,1,0,1,1,1,1,0,1,1,0,0,0,0,0,0,0,0,0,0,0,1,0,0,1,0,1,0,1,0,0
2015-16,19,West Bengal,1909,BARDDHAMAN,190935,DURGAPUR MUNICIPAL CORPORATION,6,SS (I-X),8,Unrecognized,Urban,2,Girls,1,1,0,0,1,1,1,0,1,1,0,0,0,0,0,0,0,0,0,1,0,0,0,0,0,0,0,0,0,0,0
2015-16,19,West Bengal,1909,BARDDHAMAN,190935,DURGAPUR MUNICIPAL CORPORATION,6,SS (I-X),5,Private Unaided (Recognized),Urban,3,Co-Ed,2,2,0,1,2,2,2,2,2,2,0,0,0,0,0,1,0,0,0,2,0,2,2,1,1,0,1,0,1,0,0
2015-16,19,West Bengal,1909,BARDDHAMAN,190935,DURGAPUR MUNICIPAL CORPORATION,7,SS (VI-X),1,Department of Education,Urban,1,Boys,1,1,0,1,1,1,1,1,0,1,0,0,0,0,0,1,0,1,0,1,0,1,0,1,1,0,1,0,1,0,0
2015-16,19,West Bengal,1909,BARDDHAMAN,190935,DURGAPUR MUNICIPAL CORPORATION,7,SS (VI-X),1,Department of Education,Urban,2,Girls,3,3,0,1,3,3,3,0,3,3,0,0,0,0,1,2,0,0,3,3,0,3,0,1,3,0,3,0,2,0,0
2015-16,19,West Bengal,1909,BARDDHAMAN,190935,DURGAPUR MUNICIPAL CORPORATION,7,SS (VI-X),1,Department of Education,Urban,3,Co-Ed,5,5,0,1,4,5,5,5,5,5,0,0,0,0,2,5,0,1,3,4,0,5,0,3,4,0,5,0,1,0,0
2015-16,19,West Bengal,1909,BARDDHAMAN,190935,DURGAPUR MUNICIPAL CORPORATION,2,UPS (I-VIII),5,Private Unaided (Recognized),Urban,3,Co-Ed,5,5,0,3,5,5,4,1,5,5,0,0,0,0,1,0,0,0,0,0,0,3,2,0,2,0,0,0,3,0,0
2015-16,19,West Bengal,1909,BARDDHAMAN,190935,DURGAPUR MUNICIPAL CORPORATION,2,UPS (I-VIII),8,Unrecognized,Urban,3,Co-Ed,1,1,0,0,1,1,1,0,1,1,0,0,0,0,0,0,0,0,0,0,0,0,1,0,1,0,0,0,1,0,0
2015-16,19,West Bengal,1909,BARDDHAMAN,190935,DURGAPUR MUNICIPAL CORPORATION,4,UPS (VI-VIII),1,Department of Education,Urban,3,Co-Ed,3,2,0,1,2,3,2,3,3,3,0,0,0,0,1,0,0,1,2,2,0,3,2,1,1,0,2,0,2,0,0
2015-16,19,West Bengal,1909,BARDDHAMAN,190935,DURGAPUR MUNICIPAL CORPORATION,4,UPS (VI-VIII),5,Private Unaided (Recognized),Urban,3,Co-Ed,5,5,0,3,5,5,5,2,5,5,0,0,0,0,1,1,0,0,0,4,1,2,1,2,4,0,2,0,3,0,0
2015-16,19,West Bengal,1909,BARDDHAMAN,190935,DURGAPUR MUNICIPAL CORPORATION,4,UPS (VI-VIII),8,Unrecognized,Urban,3,Co-Ed,4,4,0,0,4,4,4,0,3,3,0,0,0,0,0,1,0,0,0,2,0,1,2,0,2,0,0,0,2,0,0
2015-16,19,West Bengal,1909,BARDDHAMAN,190936,GUSHKARA MUNICIPALITY,5,HSS (VI-XII),1,Department of Education,Urban,2,Girls,1,1,0,1,1,1,1,0,1,1,0,0,0,0,1,1,0,0,1,0,0,1,0,1,0,0,1,0,0,0,0
2015-16,19,West Bengal,1909,BARDDHAMAN,190936,GUSHKARA MUNICIPALITY,5,HSS (VI-XII),1,Department of Education,Urban,3,Co-Ed,3,3,0,2,3,3,3,3,3,3,0,0,0,0,1,3,0,1,3,3,1,3,1,2,3,0,3,0,0,0,0
2015-16,19,West Bengal,1909,BARDDHAMAN,190936,GUSHKARA MUNICIPALITY,1,PS (I-V),1,Department of Education,Urban,3,Co-Ed,16,16,0,0,14,16,16,16,16,16,0,0,0,0,6,2,0,0,15,7,0,16,6,0,7,0,16,0,9,0,0
2015-16,19,West Bengal,1909,BARDDHAMAN,190936,GUSHKARA MUNICIPALITY,1,PS (I-V),5,Private Unaided (Recognized),Urban,3,Co-Ed,1,1,0,0,1,1,1,0,1,1,0,0,0,0,0,0,0,0,0,0,0,1,1,0,1,0,1,0,1,0,0
2015-16,19,West Bengal,1909,BARDDHAMAN,190936,GUSHKARA MUNICIPALITY,1,PS (I-V),8,Unrecognized,Urban,3,Co-Ed,5,5,0,2,4,5,5,2,5,5,0,0,0,0,1,2,0,0,0,2,0,0,1,0,2,0,0,0,3,0,0
2015-16,19,West Bengal,1909,BARDDHAMAN,190936,GUSHKARA MUNICIPALITY,7,SS (VI-X),1,Department of Education,Urban,3,Co-Ed,1,1,0,0,1,1,1,1,1,1,0,0,0,0,1,0,0,0,1,0,0,1,1,0,1,0,1,0,0,0,0
2015-16,19,West Bengal,1909,BARDDHAMAN,190936,GUSHKARA MUNICIPALITY,4,UPS (VI-VIII),1,Department of Education,Rural,3,Co-Ed,1,0,0,0,1,1,0,1,1,1,0,0,0,0,0,0,0,0,0,1,0,1,1,0,1,0,1,0,0,0,0
2015-16,19,West Bengal,1909,BARDDHAMAN,190937,JAMURIA MUNICIPALITY,5,HSS (VI-XII),1,Department of Education,Urban,1,Boys,2,2,0,2,1,2,2,2,2,2,0,0,0,0,0,0,0,1,2,2,0,2,0,2,1,0,2,0,0,0,0
2015-16,19,West Bengal,1909,BARDDHAMAN,190937,JAMURIA MUNICIPALITY,5,HSS (VI-XII),1,Department of Education,Urban,3,Co-Ed,4,4,0,4,4,4,4,4,4,4,0,0,0,0,2,3,0,2,4,4,2,4,0,3,4,0,4,0,3,0,0
2015-16,19,West Bengal,1909,BARDDHAMAN,190937,JAMURIA MUNICIPALITY,1,PS (I-V),1,Department of Education,Urban,3,Co-Ed,51,51,0,5,38,51,34,51,51,51,0,0,0,0,19,25,0,0,34,44,0,51,18,2,32,0,51,0,23,0,0
2015-16,19,West Bengal,1909,BARDDHAMAN,190937,JAMURIA MUNICIPALITY,1,PS (I-V),4,Government Aided,Urban,3,Co-Ed,1,1,0,0,1,1,1,1,1,1,0,0,0,0,0,0,0,0,0,1,0,1,0,0,0,0,0,0,0,0,0
2015-16,19,West Bengal,1909,BARDDHAMAN,190937,JAMURIA MUNICIPALITY,1,PS (I-V),5,Private Unaided (Recognized),Urban,3,Co-Ed,10,10,0,5,7,10,9,5,8,8,0,0,0,0,0,1,0,0,0,7,0,2,1,0,2,0,2,0,1,0,0
2015-16,19,West Bengal,1909,BARDDHAMAN,190937,JAMURIA MUNICIPALITY,1,PS (I-V),8,Unrecognized,Urban,3,Co-Ed,5,5,0,1,4,5,3,1,4,4,0,0,0,0,0,1,0,0,0,4,0,1,0,0,1,0,0,0,2,0,0
2015-16,19,West Bengal,1909,BARDDHAMAN,190937,JAMURIA MUNICIPALITY,7,SS (VI-X),1,Department of Education,Urban,2,Girls,2,2,0,0,2,2,2,0,2,2,0,0,0,0,0,1,0,1,1,2,0,2,0,0,0,0,2,0,1,0,0
2015-16,19,West Bengal,1909,BARDDHAMAN,190937,JAMURIA MUNICIPALITY,7,SS (VI-X),1,Department of Education,Urban,3,Co-Ed,4,4,0,3,4,4,4,4,4,4,0,0,0,0,1,3,0,1,2,4,0,4,1,2,4,0,4,0,1,0,0
2015-16,19,West Bengal,1909,BARDDHAMAN,190937,JAMURIA MUNICIPALITY,2,UPS (I-VIII),8,Unrecognized,Urban,2,Girls,1,1,0,0,1,1,1,0,1,1,0,0,0,0,0,0,0,0,0,1,0,1,0,0,0,0,0,0,0,0,0
2015-16,19,West Bengal,1909,BARDDHAMAN,190937,JAMURIA MUNICIPALITY,2,UPS (I-VIII),5,Private Unaided (Recognized),Urban,3,Co-Ed,5,5,0,3,5,5,5,5,5,5,0,0,0,0,0,0,0,0,0,3,0,1,0,0,1,0,0,0,2,0,0
2015-16,19,West Bengal,1909,BARDDHAMAN,190937,JAMURIA MUNICIPALITY,2,UPS (I-VIII),98,Madarsa unrecognized,Urban,3,Co-Ed,1,1,0,0,0,1,0,1,1,1,0,0,0,0,0,0,0,0,0,1,0,0,0,0,1,0,0,0,1,0,0
2015-16,19,West Bengal,1909,BARDDHAMAN,190937,JAMURIA MUNICIPALITY,4,UPS (VI-VIII),1,Department of Education,Urban,2,Girls,1,1,0,0,1,1,0,0,1,1,0,0,0,0,0,1,0,0,0,1,0,1,0,0,1,0,1,0,1,0,0
2015-16,19,West Bengal,1909,BARDDHAMAN,190937,JAMURIA MUNICIPALITY,4,UPS (VI-VIII),1,Department of Education,Urban,3,Co-Ed,1,1,0,0,1,1,1,1,1,1,0,0,0,0,1,1,0,0,0,1,0,1,0,0,1,0,1,0,0,0,0
2015-16,19,West Bengal,1909,BARDDHAMAN,190937,JAMURIA MUNICIPALITY,4,UPS (VI-VIII),98,Madarsa unrecognized,Urban,3,Co-Ed,2,2,0,1,2,2,2,2,2,2,0,0,0,0,0,1,0,0,0,2,0,1,0,1,1,0,1,0,0,0,0
2015-16,19,West Bengal,1909,BARDDHAMAN,190938,KALNA MUNICIPALITY,5,HSS (VI-XII),1,Department of Education,Urban,1,Boys,3,3,0,3,3,3,3,3,0,3,0,0,0,0,1,3,0,2,2,2,1,3,2,2,3,1,3,0,3,0,0
2015-16,19,West Bengal,1909,BARDDHAMAN,190938,KALNA MUNICIPALITY,5,HSS (VI-XII),1,Department of Education,Urban,2,Girls,3,3,0,3,3,3,3,0,3,3,0,0,0,0,2,3,0,2,3,2,1,3,0,1,1,0,3,0,2,0,0
2015-16,19,West Bengal,1909,BARDDHAMAN,190938,KALNA MUNICIPALITY,1,PS (I-V),1,Department of Education,Urban,3,Co-Ed,33,33,0,0,32,33,31,33,33,33,0,0,0,0,17,11,0,0,30,10,0,33,4,3,10,0,33,0,16,0,0
2015-16,19,West Bengal,1909,BARDDHAMAN,190938,KALNA MUNICIPALITY,1,PS (I-V),5,Private Unaided (Recognized),Urban,3,Co-Ed,4,4,0,1,2,4,3,1,2,2,0,0,0,0,2,2,0,0,0,4,0,1,3,1,2,0,4,0,1,0,0
2015-16,19,West Bengal,1909,BARDDHAMAN,190938,KALNA MUNICIPALITY,1,PS (I-V),8,Unrecognized,Urban,3,Co-Ed,3,3,0,0,3,3,3,2,1,2,0,0,0,0,1,1,0,0,1,3,0,1,2,1,1,0,3,0,0,0,0
2015-16,19,West Bengal,1909,BARDDHAMAN,190938,KALNA MUNICIPALITY,7,SS (VI-X),1,Department of Education,Urban,3,Co-Ed,2,2,0,2,2,2,2,2,2,2,0,0,0,0,1,2,0,0,1,0,0,2,0,1,0,0,2,0,1,0,0
2015-16,19,West Bengal,1909,BARDDHAMAN,190939,KATWA MUNICIPALITY,5,HSS (VI-XII),1,Department of Education,Urban,1,Boys,4,4,0,4,4,4,4,4,1,4,0,0,0,0,2,3,0,3,4,4,1,4,1,4,3,0,4,0,2,0,0
2015-16,19,West Bengal,1909,BARDDHAMAN,190939,KATWA MUNICIPALITY,5,HSS (VI-XII),1,Department of Education,Urban,2,Girls,3,3,0,3,3,3,3,0,3,3,0,0,0,0,1,2,0,2,1,1,0,3,0,2,1,0,3,0,1,0,0
2015-16,19,West Bengal,1909,BARDDHAMAN,190939,KATWA MUNICIPALITY,1,PS (I-V),1,Department of Education,Urban,3,Co-Ed,35,35,0,3,30,35,31,35,35,35,0,0,0,0,12,11,0,0,27,9,0,35,12,1,2,0,35,0,20,0,0
2015-16,19,West Bengal,1909,BARDDHAMAN,190939,KATWA MUNICIPALITY,1,PS (I-V),5,Private Unaided (Recognized),Urban,3,Co-Ed,9,9,0,6,9,9,9,2,9,9,0,0,0,0,2,1,0,0,0,1,0,5,4,0,3,0,0,0,4,0,0
2015-16,19,West Bengal,1909,BARDDHAMAN,190939,KATWA MUNICIPALITY,1,PS (I-V),8,Unrecognized,Urban,3,Co-Ed,5,5,0,2,5,5,5,1,5,5,0,0,0,0,0,1,0,0,0,0,0,4,2,1,1,0,1,0,5,0,0
2015-16,19,West Bengal,1909,BARDDHAMAN,190939,KATWA MUNICIPALITY,7,SS (VI-X),1,Department of Education,Urban,3,Co-Ed,1,1,0,1,1,1,1,1,1,1,0,0,0,0,1,1,0,1,0,0,0,1,0,0,0,0,1,0,1,0,0
2015-16,19,West Bengal,1909,BARDDHAMAN,190939,KATWA MUNICIPALITY,4,UPS (VI-VIII),1,Department of Education,Urban,3,Co-Ed,1,1,0,0,1,1,0,0,1,1,0,0,0,0,0,0,0,0,0,1,0,1,1,0,0,0,0,0,0,0,0
2015-16,19,West Bengal,1909,BARDDHAMAN,190939,KATWA MUNICIPALITY,4,UPS (VI-VIII),5,Private Unaided (Recognized),Urban,3,Co-Ed,1,1,0,0,1,1,0,0,0,0,0,0,0,0,0,0,0,0,0,0,0,1,0,0,0,0,0,0,0,0,0
2015-16,19,West Bengal,1909,BARDDHAMAN,190940,KULTI MUNICIPALITY,3,HSS (I-XII),5,Private Unaided (Recognized),Urban,3,Co-Ed,1,1,0,1,1,1,1,0,1,1,0,0,0,0,0,1,0,0,0,1,0,1,1,0,0,0,0,0,0,0,0
2015-16,19,West Bengal,1909,BARDDHAMAN,190940,KULTI MUNICIPALITY,3,HSS (I-XII),8,Unrecognized,Urban,3,Co-Ed,1,1,0,0,1,1,1,0,1,1,0,0,0,0,0,1,0,0,0,1,0,0,0,0,0,0,0,0,0,0,0
2015-16,19,West Bengal,1909,BARDDHAMAN,190940,KULTI MUNICIPALITY,5,HSS (VI-XII),1,Department of Education,Urban,1,Boys,5,5,0,3,5,5,5,5,3,5,0,0,0,0,1,3,0,1,1,4,0,5,2,3,4,0,5,0,0,0,0
2015-16,19,West Bengal,1909,BARDDHAMAN,190940,KULTI MUNICIPALITY,5,HSS (VI-XII),1,Department of Education,Urban,2,Girls,5,5,0,5,3,5,4,0,5,5,0,0,0,0,1,3,0,4,0,2,1,5,1,2,5,0,5,0,3,0,0
2015-16,19,West Bengal,1909,BARDDHAMAN,190940,KULTI MUNICIPALITY,5,HSS (VI-XII),1,Department of Education,Urban,3,Co-Ed,5,5,0,5,3,5,5,5,5,5,0,0,0,0,1,3,0,4,2,4,1,5,0,3,4,0,5,0,1,0,0
2015-16,19,West Bengal,1909,BARDDHAMAN,190940,KULTI MUNICIPALITY,1,PS (I-V),1,Department of Education,Urban,1,Boys,1,1,0,0,0,1,1,1,1,1,0,0,0,0,1,0,0,0,1,1,0,1,1,0,1,0,1,0,0,0,0
2015-16,19,West Bengal,1909,BARDDHAMAN,190940,KULTI MUNICIPALITY,1,PS (I-V),1,Department of Education,Urban,2,Girls,3,3,0,0,2,3,2,0,3,3,0,0,0,0,2,2,0,0,3,3,0,3,0,0,3,0,3,0,1,0,0
2015-16,19,West Bengal,1909,BARDDHAMAN,190940,KULTI MUNICIPALITY,1,PS (I-V),1,Department of Education,Urban,3,Co-Ed,93,93,0,0,63,93,44,93,93,93,0,0,0,0,41,33,0,0,51,42,0,93,23,1,21,0,93,0,51,0,0
2015-16,19,West Bengal,1909,BARDDHAMAN,190940,KULTI MUNICIPALITY,1,PS (I-V),5,Private Unaided (Recognized),Urban,3,Co-Ed,16,16,0,3,5,16,12,2,10,10,0,0,0,0,0,4,0,0,0,7,0,0,4,1,5,0,1,0,8,0,0
2015-16,19,West Bengal,1909,BARDDHAMAN,190940,KULTI MUNICIPALITY,1,PS (I-V),8,Unrecognized,Urban,3,Co-Ed,5,5,0,0,1,5,4,0,5,5,0,0,0,0,0,1,0,0,0,2,0,0,3,0,3,0,1,0,0,0,0
2015-16,19,West Bengal,1909,BARDDHAMAN,190940,KULTI MUNICIPALITY,1,PS (I-V),98,Madarsa unrecognized,Urban,3,Co-Ed,2,2,0,0,2,2,2,1,1,1,0,0,0,0,1,0,0,0,0,1,0,0,0,1,0,0,0,0,1,0,0
2015-16,19,West Bengal,1909,BARDDHAMAN,190940,KULTI MUNICIPALITY,6,SS (I-X),5,Private Unaided (Recognized),Urban,3,Co-Ed,1,1,0,0,0,1,1,0,1,1,0,0,0,0,0,0,0,0,0,0,0,0,0,0,0,0,0,0,0,0,0
2015-16,19,West Bengal,1909,BARDDHAMAN,190940,KULTI MUNICIPALITY,7,SS (VI-X),1,Department of Education,Urban,1,Boys,1,1,0,0,1,1,1,1,0,1,0,0,0,0,0,0,0,1,1,1,0,1,1,0,1,0,1,0,1,0,0
2015-16,19,West Bengal,1909,BARDDHAMAN,190940,KULTI MUNICIPALITY,7,SS (VI-X),1,Department of Education,Urban,2,Girls,1,1,0,0,1,1,1,0,1,1,0,0,0,0,0,1,0,0,0,1,0,1,0,0,1,0,1,0,0,0,0
2015-16,19,West Bengal,1909,BARDDHAMAN,190940,KULTI MUNICIPALITY,7,SS (VI-X),1,Department of Education,Urban,3,Co-Ed,3,3,0,2,2,3,2,3,3,3,0,0,0,0,2,3,0,2,1,3,0,3,0,1,3,0,3,0,1,0,0
2015-16,19,West Bengal,1909,BARDDHAMAN,190940,KULTI MUNICIPALITY,2,UPS (I-VIII),5,Private Unaided (Recognized),Urban,3,Co-Ed,11,11,0,2,6,11,7,0,10,10,0,0,0,0,0,3,0,0,0,5,0,1,2,0,6,0,1,0,7,0,0
2015-16,19,West Bengal,1909,BARDDHAMAN,190940,KULTI MUNICIPALITY,2,UPS (I-VIII),8,Unrecognized,Urban,3,Co-Ed,4,4,0,1,2,4,3,1,3,3,0,0,0,0,0,0,0,0,0,0,0,2,0,1,3,0,0,0,2,0,0
2015-16,19,West Bengal,1909,BARDDHAMAN,190940,KULTI MUNICIPALITY,4,UPS (VI-VIII),1,Department of Education,Urban,2,Girls,1,1,0,1,1,1,1,0,1,1,0,0,0,0,1,1,0,0,0,1,0,1,0,0,0,0,1,0,0,0,0
2015-16,19,West Bengal,1909,BARDDHAMAN,190940,KULTI MUNICIPALITY,4,UPS (VI-VIII),1,Department of Education,Urban,3,Co-Ed,1,1,0,0,1,1,0,1,1,1,0,0,0,0,0,0,0,0,0,0,0,1,0,0,0,0,1,0,0,0,0
2015-16,19,West Bengal,1909,BARDDHAMAN,190940,KULTI MUNICIPALITY,4,UPS (VI-VIII),5,Private Unaided (Recognized),Urban,3,Co-Ed,1,1,0,0,1,1,1,0,1,1,0,0,0,0,0,1,0,0,0,1,0,0,0,1,0,0,0,0,0,0,0
2015-16,19,West Bengal,1909,BARDDHAMAN,190941,MEMARI MUNICIPALITY,5,HSS (VI-XII),5,Private Unaided (Recognized),Urban,1,Boys,1,1,0,1,1,1,1,1,1,1,0,0,0,0,0,1,0,1,0,1,0,1,0,1,0,0,0,0,0,0,0
2015-16,19,West Bengal,1909,BARDDHAMAN,190941,MEMARI MUNICIPALITY,5,HSS (VI-XII),1,Department of Education,Urban,2,Girls,1,1,0,1,1,1,1,0,1,1,0,0,0,0,0,0,0,0,0,1,0,1,0,1,1,0,1,0,0,0,0
2015-16,19,West Bengal,1909,BARDDHAMAN,190941,MEMARI MUNICIPALITY,5,HSS (VI-XII),1,Department of Education,Urban,3,Co-Ed,2,2,0,2,2,2,2,2,2,2,0,0,0,0,1,2,0,1,2,2,0,2,0,2,1,0,2,0,0,0,0
2015-16,19,West Bengal,1909,BARDDHAMAN,190941,MEMARI MUNICIPALITY,1,PS (I-V),1,Department of Education,Urban,1,Boys,1,1,0,0,1,1,1,1,0,1,0,0,0,0,0,1,0,0,0,0,0,1,1,0,0,0,1,0,1,0,0
2015-16,19,West Bengal,1909,BARDDHAMAN,190941,MEMARI MUNICIPALITY,1,PS (I-V),1,Department of Education,Urban,2,Girls,1,1,0,0,1,1,0,1,1,1,0,0,0,0,0,1,0,0,1,0,0,1,1,0,0,0,1,0,1,0,0
2015-16,19,West Bengal,1909,BARDDHAMAN,190941,MEMARI MUNICIPALITY,1,PS (I-V),98,Madarsa unrecognized,Urban,2,Girls,1,1,0,0,1,1,1,0,1,1,0,0,0,0,0,0,0,0,0,1,0,0,0,0,0,0,0,0,0,0,0
2015-16,19,West Bengal,1909,BARDDHAMAN,190941,MEMARI MUNICIPALITY,1,PS (I-V),1,Department of Education,Urban,3,Co-Ed,11,11,0,0,11,11,8,11,11,11,0,0,0,0,7,8,0,0,10,5,0,11,11,0,2,0,11,0,10,0,0
2015-16,19,West Bengal,1909,BARDDHAMAN,190941,MEMARI MUNICIPALITY,1,PS (I-V),5,Private Unaided (Recognized),Urban,3,Co-Ed,2,2,0,0,1,2,2,1,2,2,0,0,0,0,1,0,0,0,0,0,0,0,0,0,0,0,1,0,0,0,0
2015-16,19,West Bengal,1909,BARDDHAMAN,190941,MEMARI MUNICIPALITY,1,PS (I-V),8,Unrecognized,Urban,3,Co-Ed,3,3,0,2,1,3,3,1,3,3,0,0,0,0,0,1,0,0,0,0,0,0,1,0,0,0,0,0,0,0,0
2015-16,19,West Bengal,1909,BARDDHAMAN,190941,MEMARI MUNICIPALITY,7,SS (VI-X),8,Unrecognized,Urban,1,Boys,1,1,0,1,0,1,1,0,1,1,0,0,0,0,0,0,0,0,0,0,0,1,0,0,0,0,0,0,0,0,0
2015-16,19,West Bengal,1909,BARDDHAMAN,190941,MEMARI MUNICIPALITY,7,SS (VI-X),97,Madarsa recognized (by Wakf board/Madarsa Board) ,Urban,3,Co-Ed,1,1,0,1,1,1,1,1,1,1,0,0,0,0,1,1,0,1,1,1,0,1,0,1,1,0,1,0,0,0,0
2015-16,19,West Bengal,1909,BARDDHAMAN,190941,MEMARI MUNICIPALITY,4,UPS (VI-VIII),1,Department of Education,Rural,3,Co-Ed,1,0,0,0,1,1,0,1,1,1,0,0,0,0,0,0,0,0,0,1,0,1,1,0,1,0,1,0,0,0,0
2015-16,19,West Bengal,1909,BARDDHAMAN,190942,RANIGANJ MUNICIPALITY,3,HSS (I-XII),5,Private Unaided (Recognized),Urban,3,Co-Ed,2,2,0,1,1,2,2,1,2,2,0,0,0,0,0,1,0,0,0,0,0,1,1,0,2,0,0,0,1,0,0
2015-16,19,West Bengal,1909,BARDDHAMAN,190942,RANIGANJ MUNICIPALITY,5,HSS (VI-XII),1,Department of Education,Urban,1,Boys,4,4,0,3,4,4,4,4,3,4,0,0,0,0,3,3,0,2,3,3,1,4,2,3,3,0,4,0,1,0,0
2015-16,19,West Bengal,1909,BARDDHAMAN,190942,RANIGANJ MUNICIPALITY,5,HSS (VI-XII),1,Department of Education,Urban,2,Girls,5,5,0,4,5,5,5,0,5,5,0,0,0,0,2,5,0,3,5,4,1,5,3,3,2,0,5,0,0,0,0
2015-16,19,West Bengal,1909,BARDDHAMAN,190942,RANIGANJ MUNICIPALITY,5,HSS (VI-XII),1,Department of Education,Urban,3,Co-Ed,1,1,0,1,1,1,1,1,1,1,0,0,0,0,0,1,0,0,1,1,0,1,0,0,0,0,1,0,0,0,0
2015-16,19,West Bengal,1909,BARDDHAMAN,190942,RANIGANJ MUNICIPALITY,1,PS (I-V),1,Department of Education,Urban,2,Girls,1,1,0,0,1,1,1,0,1,1,0,0,0,0,0,1,0,0,1,1,0,1,0,0,0,0,1,0,1,0,0
2015-16,19,West Bengal,1909,BARDDHAMAN,190942,RANIGANJ MUNICIPALITY,1,PS (I-V),1,Department of Education,Urban,3,Co-Ed,38,38,0,0,35,38,26,38,38,38,0,0,0,0,23,22,0,0,32,12,0,38,3,3,13,0,38,0,18,0,0
2015-16,19,West Bengal,1909,BARDDHAMAN,190942,RANIGANJ MUNICIPALITY,1,PS (I-V),3,Local body,Urban,3,Co-Ed,5,5,0,0,5,5,5,5,5,5,0,0,0,0,5,3,0,0,5,1,0,5,4,0,1,0,5,0,4,0,0
2015-16,19,West Bengal,1909,BARDDHAMAN,190942,RANIGANJ MUNICIPALITY,1,PS (I-V),5,Private Unaided (Recognized),Urban,3,Co-Ed,12,12,0,3,11,12,11,3,6,6,0,0,0,0,0,1,0,0,0,0,0,1,0,0,2,0,0,0,6,0,0
2015-16,19,West Bengal,1909,BARDDHAMAN,190942,RANIGANJ MUNICIPALITY,1,PS (I-V),8,Unrecognized,Urban,3,Co-Ed,8,8,0,4,7,8,5,3,6,6,0,0,0,0,1,1,0,0,0,2,1,3,1,1,2,0,2,0,3,0,0
2015-16,19,West Bengal,1909,BARDDHAMAN,190942,RANIGANJ MUNICIPALITY,6,SS (I-X),5,Private Unaided (Recognized),Urban,3,Co-Ed,1,1,0,0,0,1,1,0,1,1,0,0,0,0,0,0,0,0,0,0,0,0,0,0,1,0,0,0,0,0,0
2015-16,19,West Bengal,1909,BARDDHAMAN,190942,RANIGANJ MUNICIPALITY,7,SS (VI-X),1,Department of Education,Urban,3,Co-Ed,1,1,0,0,1,1,1,1,1,1,0,0,0,0,0,1,0,1,0,0,0,1,0,0,0,0,1,0,0,0,0
2015-16,19,West Bengal,1909,BARDDHAMAN,190942,RANIGANJ MUNICIPALITY,2,UPS (I-VIII),5,Private Unaided (Recognized),Urban,3,Co-Ed,2,2,0,0,2,2,1,1,2,2,0,0,0,0,0,0,0,0,0,0,0,0,0,0,2,0,0,0,1,0,0
2015-16,19,West Bengal,1909,BARDDHAMAN,190942,RANIGANJ MUNICIPALITY,4,UPS (VI-VIII),1,Department of Education,Rural,2,Girls,1,0,0,0,1,1,0,0,1,1,0,0,0,0,0,0,0,0,0,1,0,1,1,0,1,0,1,0,0,0,0
2015-16,19,West Bengal,1909,BARDDHAMAN,190942,RANIGANJ MUNICIPALITY,4,UPS (VI-VIII),1,Department of Education,Urban,2,Girls,1,0,0,0,1,1,0,0,1,1,0,0,0,0,0,0,0,0,1,1,0,1,1,0,1,0,1,0,0,0,0
2015-16,19,West Bengal,1909,BARDDHAMAN,190942,RANIGANJ MUNICIPALITY,4,UPS (VI-VIII),1,Department of Education,Urban,3,Co-Ed,1,1,0,0,1,1,1,1,1,1,0,0,0,0,0,1,0,0,0,1,0,1,0,1,0,0,1,0,0,0,0
